Brand,Title,Product Type,Who,price,MRP,Savings,Discount %,rating,Total Ratings Given,Total Reviews Given
NIKE, NIKE Nike Revolution 4 Men'...,shoes,men,2216,3693.33,1477,40.0,4.2,54006,7049
Layasa, Layasa sports shoes for men...,shoes,men,379,997.37,618,62.0,4.0,13792,1677
YONEX, YONEX Tokyo 2 Badminton Sho...,shoes,men,1919,2998.44,1079,36.0,4.3,1298,172
ADIDAS, ADIDAS Clear Factor M Runni...,shoes,men,1499,2498.33,999,40.0,4.2,3904,578
PUMA, PUMA Space Runner Running S...,shoes,men,2050,3474.58,1424,41.0,4.2,194,36
ADIDAS, ADIDAS Adigram M Running Sh...,shoes,men,2279,3798.33,1519,40.0,4.2,319,46
FILA, FILA Aleso Running Shoes Fo...,shoes,men,1047,2492.86,1445,58.0,4.1,886,123
SPARX, SPARX Men SM-632 Navy Blue ...,shoes,men,1328,1681.01,353,21.0,4.3,2000,308
Xylus, Xylus BLACK SHARK Training ...,shoes,men,359,997.22,638,64.0,3.8,4854,622
Skechers, Skechers GO WALK MAX- EFFOR...,shoes,men,2493,4298.28,1805,42.0,4.4,879,131
PUMA, PUMA Lazy Knit Slip On IDP ...,shoes,men,1571,2964.15,1393,47.0,4.1,1216,148
CAMPUS, CAMPUS ALIC Running Shoes F...,shoes,men,911,1283.1,372,29.0,4.1,1066,199
ADIDAS, ADIDAS Adivat M Running Sho...,shoes,men,1637,2683.61,1046,39.0,4.2,904,107
BEEROCK, BEEROCK Oxygen Running Shoe...,shoes,men,474,987.5,513,52.0,4.0,148763,20241
CAMPUS, CAMPUS ROYCE-2 Running Shoe...,shoes,men,999,1040.62,41,4.0,4.2,80643,11826
CAMPUS, CAMPUS EVOK Running Shoes F...,shoes,men,1259,1678.67,419,25.0,4.1,5121,724
SPARX, SPARX Men SM-632 Navy Blue ...,shoes,men,1328,1681.01,353,21.0,4.3,2000,308
Density, Density SOCKS Running Shoes...,shoes,men,449,997.78,548,55.0,4.1,114548,16472
PROVOGUE, PROVOGUE Running Shoes For ...,shoes,men,899,1798.0,899,50.0,4.2,2508,383
CAMPUS, CAMPUS ALIC Running Shoes F...,shoes,men,911,1283.1,372,29.0,4.1,1067,199
REEBOK, REEBOK GENESIS RUNNER LP Ru...,shoes,men,1932,3577.78,1645,46.0,4.2,1359,174
SPARX, SPARX Men SM-632 Navy Blue ...,shoes,men,1328,1681.01,353,21.0,4.3,2000,308
NIKE, NIKE Revolution 4 Running S...,shoes,men,2216,3693.33,1477,40.0,4.2,54010,7049
NIKE, NIKE Air Zoom Winflo 7 Runn...,shoes,men,5057,7901.56,2844,36.0,4.1,735,114
Xylus, Xylus BLACK SHARK Training ...,shoes,men,359,997.22,638,64.0,3.8,4854,622
REEBOK, REEBOK GENESIS RUNNER LP Ru...,shoes,men,1932,3577.78,1645,46.0,4.2,1359,174
BIRDE, BIRDE Combo Pack of 2 Casua...,shoes,men,498,1464.71,966,66.0,3.9,445,55
PUMA, PUMA Enzo Repeat Branding R...,shoes,men,2238,5458.54,3220,59.0,4.2,213,29
Skechers, Skechers Bounder-Vertville ...,shoes,men,2499,4998.0,2499,50.0,4.4,1593,202
SPARX, SPARX Men SM-632 Navy Blue ...,shoes,men,1328,1681.01,353,21.0,4.3,2000,308
ADIDAS, ADIDAS Unifactor M Running ...,shoes,men,1585,3234.69,1649,51.0,4.1,3735,528
ADIDAS, ADIDAS Bound M Running Shoe...,shoes,men,1875,4934.21,3059,62.0,4.2,1104,152
asics, asics GEL-CHALLENGER 13 L.E...,shoes,men,4399,7998.18,3599,45.0,4.7,6,1
SPARX, SPARX Men SM-632 Navy Blue ...,shoes,men,1328,1681.01,353,21.0,4.3,2000,308
PUMA, PUMA Running Shoes For Men,shoes,men,2104,4893.02,2789,57.0,4.2,662,78
aadi, aadi Walking Shoes For Men,shoes,men,474,1975.0,1501,76.0,4.0,50790,6932
SPARX, SPARX Men SM-632 Navy Blue ...,shoes,men,1328,1681.01,353,21.0,4.3,2000,308
Xylus, Xylus BLACK SHARK Training ...,shoes,men,359,997.22,638,64.0,3.8,4854,622
ADIDAS, ADIDAS Unifactor M Running ...,shoes,men,1579,3289.58,1710,52.0,4.1,3735,528
CAMPUS, CAMPUS BELGIUM Running Shoe...,shoes,men,1169,1498.72,329,22.0,4.2,5616,837
REEBOK, REEBOK Splasher Running Sho...,shoes,men,2199,3998.18,1799,45.0,4.2,611,96
ADIDAS, ADIDAS Archivo Running Shoe...,shoes,men,2100,5526.32,3426,62.0,4.1,190,33
PERFECTX, PERFECTX SPIKE Football Sho...,shoes,men,479,798.33,319,40.0,3.8,239,22
CAMPUS, CAMPUS BRAVO Running Shoes ...,shoes,men,854,898.95,44,5.0,4.2,244,44
ADIDAS, ADIDAS Bound M Running Shoe...,shoes,men,1875,4934.21,3059,62.0,4.2,1103,152
ADIDAS, ADIDAS Spurt M Running Shoe...,shoes,men,1958,3995.92,2037,51.0,4.1,1870,237
REEBOK, REEBOK Splasher Running Sho...,shoes,men,2199,3998.18,1799,45.0,4.2,611,96
SPARX, SPARX Men SM-632 Navy Blue ...,shoes,men,1328,1681.01,353,21.0,4.3,2000,308
PUMA, PUMA Puma Kor IDP Sneakers ...,shoes,men,1376,3931.43,2555,65.0,4.2,14293,2169
PUMA, PUMA Enzo 2 Fade Running Sh...,shoes,men,3269,5735.09,2466,43.0,4.3,125,18
DUCATI, DUCATI Running Shoes For Me...,shoes,men,1329,3797.14,2468,65.0,4.2,228,43
NIKE, NIKE DOMAIN 2 Cricket Shoes...,shoes,men,6495,6495.0,0,0.0,4.5,1126,173
REEBOK, REEBOK Black Pearl Running ...,shoes,men,1679,2798.33,1119,40.0,4.5,22,7
ADIDAS, ADIDAS Shereton M Running S...,shoes,men,1799,2998.33,1199,40.0,4.2,1816,258
DUCATI, DUCATI Training & Gym Shoes...,shoes,men,1329,3797.14,2468,65.0,3.9,497,63
NIKE, NIKE LEGEND REACT 2 SHIELD ...,shoes,men,4717,8900.0,4183,47.0,4.0,93,11
Chevit, Chevit Perfect & Affordable...,shoes,men,664,2553.85,1889,74.0,3.9,17,3
REEBOK, REEBOK INSTACONFIT RUNNER L...,shoes,men,1760,2983.05,1223,41.0,4.0,1131,130
REEBOK, REEBOK Black Pearl Running ...,shoes,men,1679,2798.33,1119,40.0,4.5,22,7
ADIDAS, ADIDAS Statix M Running Sho...,shoes,men,1455,2969.39,1514,51.0,4.2,7651,1162
ADIDAS, ADIDAS Nova Flow Running Sh...,shoes,men,2800,5957.45,3157,53.0,3.9,424,56
ADIDAS, ADIDAS Victriox M Running S...,shoes,men,1784,3964.44,2180,55.0,4.1,3762,476
asics, asics JOLT 2 Running Shoes ...,shoes,men,2298,4419.23,2121,48.0,4.2,5239,699
REEBOK, REEBOK Speed Riser Running ...,shoes,men,1766,3098.25,1332,43.0,4.3,311,56
WOODLAND, WOODLAND Hiking & Trekking ...,shoes,men,3395,3994.12,599,15.0,4.7,11,2
CAMPUS, CAMPUS FORTE PRO Running Sh...,shoes,men,1614,1698.95,84,5.0,4.1,218,32
SPARX, SPARX Men SM-632 Navy Blue ...,shoes,men,1328,1681.01,353,21.0,4.3,2000,308
CAMPUS, CAMPUS GENEVA Running Shoes...,shoes,men,2279,2398.95,119,5.0,4.0,38,4
YONEX, YONEX Badminton Shoes For M...,shoes,men,1881,3243.1,1362,42.0,4.3,251,33
aadi, aadi Aadi Gym/Walking/Runni...,shoes,men,402,1914.29,1512,79.0,3.9,527,52
asics, asics GEL CONTEND 4B Runnin...,shoes,men,2374,3956.67,1582,40.0,4.1,36,6
ASIAN, ASIAN Creta-12 sports shoes...,shoes,men,849,1286.36,437,34.0,4.1,34266,5328
NIKE, NIKE Nike Revolution 5 EXT ...,shoes,men,2586,3694.29,1108,30.0,4.2,130,17
SPARX, SPARX Men SM-632 Navy Blue ...,shoes,men,1328,1681.01,353,21.0,4.3,2000,308
CAMPUS, CAMPUS GILBERT PLUS Running...,shoes,men,1043,1198.85,155,13.0,4.1,2242,337
PUMA, PUMA 90s Runner Nu Wave Sig...,shoes,men,2401,5456.82,3055,56.0,4.2,11,3
CAMPUS, CAMPUS BARLEY Running Shoes...,shoes,men,895,1297.1,402,31.0,4.1,7024,1041
PUMA, PUMA LQDCELL Tension Runnin...,shoes,men,3380,7860.47,4480,57.0,4.2,183,24
JACK, JACK & JONES JFWBRAD KNIT L...,shoes,men,1124,2957.89,1833,62.0,4.2,1632,231
CAMPUS, CAMPUS CRUNCH Running Shoes...,shoes,men,809,898.89,89,10.0,4.3,799,126
CAMPUS, CAMPUS JASPER Running Shoes...,shoes,men,1274,1498.82,224,15.0,4.1,1786,259
SPARX, SPARX Men SM-632 Navy Blue ...,shoes,men,1328,1681.01,353,21.0,4.3,2000,308
SEGA, SEGA Running Shoes For Men,shoes,men,614,944.62,330,35.0,4.0,9503,1381
ADIDAS, ADIDAS Novarun M Running Sh...,shoes,men,2399,3998.33,1599,40.0,4.1,78,15
MILESWALKER, MILESWALKER Mesh Running Sh...,shoes,men,279,996.43,717,72.0,3.7,56100,6840
ADIDAS, ADIDAS Fluo M Running Shoes...,shoes,men,1875,3750.0,1875,50.0,4.2,8902,1273
Skechers, Skechers GO RUN 600 Running...,shoes,men,2149,4997.67,2848,57.0,4.4,1289,157
PUMA, PUMA Osu Extreme Slip-On Ru...,shoes,men,2141,4979.07,2838,57.0,4.2,715,94
CAMPUS, CAMPUS COSTA Running Shoes ...,shoes,men,805,1045.45,240,23.0,4.1,2707,365
SPARX, SPARX Men SM-632 Navy Blue ...,shoes,men,1328,1681.01,353,21.0,4.3,2000,308
Abisto, Abisto Walking Shoes For Me...,shoes,men,265,490.74,225,46.0,3.6,1102,108
JACK, JACK & JONES JFWDAVID KNIT ...,shoes,men,1393,3482.5,2089,60.0,4.0,751,135
CAMPUS, CAMPUS GENEVA Running Shoes...,shoes,men,2279,2398.95,119,5.0,4.0,38,4
PUMA, PUMA Modern Slip on IDP Wal...,shoes,men,1697,3946.51,2249,57.0,4.0,1584,205
JACK, JACK & JONES Jfwadam Knit S...,shoes,men,1124,2957.89,1833,62.0,4.2,3299,361
Magnolia, Magnolia Training & Gym Sho...,shoes,men,426,990.7,564,57.0,3.9,3452,564
Skechers, Skechers Go Walk 4- Convert...,shoes,men,2149,4997.67,2848,57.0,4.4,841,88
JACK, JACK & JONES JFWBRAD KNIT L...,shoes,men,1124,2957.89,1833,62.0,4.2,1632,231
FILA, FILA SONY Motorsport Shoes ...,shoes,men,1681,2898.28,1217,42.0,4.1,1002,152
ADIDAS, ADIDAS Clinch-X M Running S...,shoes,men,1336,2672.0,1336,50.0,4.2,2509,356
JACK, JACK & JONES JFWADAM KNIT S...,shoes,men,1128,2968.42,1840,62.0,4.2,3299,361
Skechers, Skechers Go Walk 4- Convert...,shoes,men,2149,4997.67,2848,57.0,4.4,841,88
PUMA, PUMA INTERFLEX Modern Runni...,shoes,men,1922,3922.45,2000,51.0,4.2,496,77
NIKE, NIKE Legend Essential 2 Tra...,shoes,men,2487,4441.07,1954,44.0,4.2,258,33
SPARX, SPARX Men SM-632 Navy Blue ...,shoes,men,1328,1681.01,353,21.0,4.3,2000,308
PUMA, PUMA Raymax IDP Running Sho...,shoes,men,1625,3963.41,2338,59.0,4.1,1041,149
Wildcraft, Wildcraft Volga Walking Sho...,shoes,men,1680,3574.47,1894,53.0,4.2,11767,1776
CAMPUS, CAMPUS IMPULSE Running Shoe...,shoes,men,909,1298.57,389,30.0,4.2,8982,1411
SPARX, SPARX SM-651 Walking Shoes ...,shoes,men,740,891.57,151,17.0,4.2,2313,356
YONEX, YONEX Hydro Force 5 Badmint...,shoes,men,3014,4861.29,1847,38.0,4.3,120,22
Wildcraft, Wildcraft Volga Walking Sho...,shoes,men,1680,3574.47,1894,53.0,4.2,11767,1776
asics, asics GEL-GALAXY 8 Running ...,shoes,men,2399,3998.33,1599,40.0,4.5,75,11
ASIAN, ASIAN Easywalk-08 Running s...,shoes,men,831,989.29,158,16.0,4.0,17070,2396
ADIDAS, ADIDAS Clinch-X M Running S...,shoes,men,1597,2661.67,1064,40.0,4.2,2509,356
YONEX, YONEX ALLENGLAND15 Badminto...,shoes,men,2018,3104.62,1086,35.0,4.0,1112,174
PUMA, PUMA Momentum XT Running Sh...,shoes,men,1730,3460.0,1730,50.0,4.3,614,70
ADIDAS, ADIDAS PREDATOR .4 FxG Foot...,shoes,men,4911,4960.61,49,1.0,4.5,13,2
RED, RED TAPE Walking Shoes For ...,shoes,men,1209,5037.5,3828,76.0,4.2,5313,789
SPARX, SPARX Men SM-632 Navy Blue ...,shoes,men,1328,1681.01,353,21.0,4.3,2000,308
RED, RED TAPE Athleisure Range W...,shoes,men,1182,5139.13,3957,77.0,3.8,1093,136
Layasa, Layasa Boys Lace Running Sh...,shoes,kid,298,993.33,695,70.0,4.0,2814,298
ASIAN, ASIAN Boys Lace Running Sho...,shoes,kid,499,548.35,49,9.0,4.1,3836,582
MOUNTREXO, MOUNTREXO Boys & Girls Lace...,shoes,kid,440,977.78,537,55.0,3.6,32,3
BAUCHHAAR, BAUCHHAAR Boys Lace Running...,shoes,kid,350,972.22,622,64.0,3.8,1044,84
SHOETOPIA, SHOETOPIA Girls Lace Walkin...,shoes,kid,699,998.57,299,30.0,4.1,22,2
ADIDAS, ADIDAS Boys Lace Running Sh...,shoes,kid,1984,3968.0,1984,50.0,4.1,39,8
SMARTOTS, SMARTOTS Boys Lace Walking ...,shoes,kid,399,687.93,288,42.0,3.8,2701,322
OWN, OWN PASKO Boys & Girls Lace...,shoes,kid,295,983.33,688,70.0,3.6,288,36
Miss, Miss & Chief Boys Velcro Ru...,shoes,kid,579,1996.55,1417,71.0,4.1,46,9
REEBOK, REEBOK Girls Lace Running S...,shoes,kid,2280,3737.7,1457,39.0,4.3,28,3
BUNNIES, BUNNIES Boys & Girls Lace W...,shoes,kid,411,495.18,84,17.0,4.0,996,149
GaurLax, GaurLax Mart Boys & Girls V...,shoes,kid,549,1098.0,549,50.0,3.6,16,1
NIKE, NIKE Girls Lace Running Sho...,shoes,kid,1598,3716.28,2118,57.0,3.2,23,4
ADIDAS, ADIDAS Boys & Girls Lace Ru...,shoes,kid,1293,2938.64,1645,56.0,4.4,65,5
CAMPUS, CAMPUS Boys & Girls Lace Ru...,shoes,kid,599,599.0,0,0.0,4.2,157,20
Orbit, Orbit Girls,shoes,kid,629,998.41,369,37.0,3.9,124,14
Radhika, Radhika Group Boys & Girls ...,shoes,kid,369,997.3,628,63.0,4.3,25,1
ADIDAS, ADIDAS Boys Lace Running Sh...,shoes,kid,1943,4518.6,2575,57.0,4.5,51,5
KIPSTA, KIPSTA by Decathlon Boys & ...,shoes,kid,854,993.02,139,14.0,3.8,274,31
Skymate, Skymate Boys Lace Running S...,shoes,kid,389,598.46,209,35.0,4.1,1280,178
LITTLE, LITTLE BOY Boys Lace Runnin...,shoes,kid,474,987.5,513,52.0,3.8,396,36
CAMPUS, CAMPUS Boys & Girls Lace Ru...,shoes,kid,849,849.0,0,0.0,4.2,70,6
Bubblegummers, Bubblegummers Boys Slip on ...,shoes,kid,237,395.0,158,40.0,4.4,160,30
NIKE, NIKE Girls Velcro Running S...,shoes,kid,1729,3758.7,2029,54.0,4.4,43,5
Elevarse, Elevarse Boys & Girls Slip ...,shoes,kid,329,498.48,169,34.0,3.8,9,1
Layasa, Layasa Boys Lace Running Sh...,shoes,kid,449,997.78,548,55.0,4.0,5423,654
ASIAN, ASIAN Boys Lace Running Sho...,shoes,kid,899,1096.34,197,18.0,4.1,755,127
ADIDAS, ADIDAS Boys Lace Running Sh...,shoes,kid,1943,4518.6,2575,57.0,4.5,51,5
BeBe, BeBe Girls Slip on Walking ...,shoes,kid,673,2588.46,1915,74.0,3.9,76,11
Billion, Billion Boys & Girls Lace R...,shoes,kid,499,998.0,499,50.0,4.2,91,14
BAUCHHAAR, BAUCHHAAR Boys Lace Running...,shoes,kid,499,998.0,499,50.0,4.1,23,1
Fashion, Fashion Faster Boys & Girls...,shoes,kid,599,998.33,399,40.0,3.9,166,20
CLARK, CLARK CREATION Boys Lace Hi...,shoes,kid,335,985.29,650,66.0,3.8,438,43
NEOBABY, NEOBABY Boys & Girls Velcro...,shoes,kid,260,490.57,230,47.0,4.1,1236,186
ADIDAS, ADIDAS Boys Lace Running Sh...,shoes,kid,1943,4518.6,2575,57.0,4.5,51,5
vikeno, vikeno Boys & Girls Lace Wa...,shoes,kid,528,996.23,468,47.0,4.0,64,7
Bubblegummers, Bubblegummers Girls Slip on...,shoes,kid,249,249.0,0,0.0,3.0,2,1
SMARTOTS, SMARTOTS Boys & Girls Lace ...,shoes,kid,549,1098.0,549,50.0,4.3,15,1
ASIAN, ASIAN Boys Lace Running Sho...,shoes,kid,539,598.89,59,10.0,4.2,142,17
BODAM, BODAM Boys Lace Running Sho...,shoes,kid,449,1548.28,1099,71.0,3.9,185,26
CAMPUS, CAMPUS Boys & Girls Velcro ...,shoes,kid,499,499.0,0,0.0,4.3,71,6
Bubblegummers, Bubblegummers Girls Slip on...,shoes,kid,249,249.0,0,0.0,3.0,2,1
SMARTOTS, SMARTOTS Boys & Girls Lace ...,shoes,kid,549,1098.0,549,50.0,4.3,15,1
ASIAN, ASIAN Boys Lace Running Sho...,shoes,kid,539,598.89,59,10.0,4.2,142,17
ADIDAS, ADIDAS Boys Lace Running Sh...,shoes,kid,1943,4518.6,2575,57.0,4.5,51,5
Miss, Miss & Chief Boys Velcro Ru...,shoes,kid,439,1995.45,1556,78.0,4.2,151,17
Miss, Miss & Chief Boys & Girls S...,shoes,kid,599,1497.5,898,60.0,4.4,82,5
CAMPUS, CAMPUS Boys & Girls Lace Ru...,shoes,kid,1399,1399.0,0,0.0,4.3,44,4
REEBOK, REEBOK Boys Lace Running Sh...,shoes,kid,1636,3990.24,2354,59.0,4.6,21,5
ATHLETIC, ATHLETIC WORKS by Walmart G...,shoes,kid,806,3358.33,2552,76.0,3.4,20,2
Miss, Miss & Chief Boys Velcro Ru...,shoes,kid,365,1921.05,1556,81.0,4.1,181,19
Extavo, Extavo Boys & Girls Lace Sn...,shoes,kid,399,498.75,99,20.0,4.1,907,111
PUMA, PUMA Boys Lace Running Shoe...,shoes,kid,1321,3476.32,2155,62.0,4.4,134,13
Bata, Bata Boys Lace Running Shoe...,shoes,kid,1299,1299.0,0,0.0,4.2,33,5
ADIDAS, ADIDAS Boys Lace Running Sh...,shoes,kid,1259,3597.14,2338,65.0,3.9,29,5
Miss, Miss & Chief Boys Velcro Ru...,shoes,kid,439,1995.45,1556,78.0,4.2,151,17
ADIDAS, ADIDAS Boys Lace Running Sh...,shoes,kid,1943,4518.6,2575,57.0,4.5,51,5
REEBOK, REEBOK Boys Lace Running Sh...,shoes,kid,1636,3990.24,2354,59.0,4.6,21,5
BARBIE, BARBIE Girls Velcro Running...,shoes,kid,699,998.57,299,30.0,4.5,15,1
SUSON, SUSON Boys Lace Walking Sho...,shoes,kid,348,994.29,646,65.0,4.0,186,23
BARBIE, BARBIE Girls Velcro Running...,shoes,kid,989,2247.73,1258,56.0,4.3,41,7
Miss, Miss & Chief Boys Velcro Ru...,shoes,kid,365,1921.05,1556,81.0,4.1,181,19
PUMA, PUMA Boys Lace Running Shoe...,shoes,kid,1321,3476.32,2155,62.0,4.4,134,13
ADIDAS, ADIDAS Boys Lace Running Sh...,shoes,kid,1943,4518.6,2575,57.0,4.5,51,5
NEOBABY, NEOBABY Boys & Girls Velcro...,shoes,kid,260,962.96,702,73.0,4.1,2287,306
LNG, LNG Lifestyle Boys & Girls ...,shoes,kid,999,1998.0,999,50.0,3.8,58,12
Vintex, Vintex Boys Slip on Running...,shoes,kid,336,988.24,652,66.0,4.2,80,15
Spiderman, Spiderman Girls Lace Walkin...,shoes,kid,333,1280.77,947,74.0,3.8,86,6
Miss, Miss & Chief Boys Velcro Ru...,shoes,kid,557,1989.29,1432,72.0,4.0,24,6
ADIDAS, ADIDAS Boys Lace Running Sh...,shoes,kid,1570,3568.18,1998,56.0,4.4,72,12
ADIDAS, ADIDAS Boys Lace Football S...,shoes,kid,2518,4937.25,2419,49.0,4.1,27,2
ESSENCE, ESSENCE Boys Lace Running S...,shoes,kid,499,998.0,499,50.0,4.0,174,28
ADIDAS, ADIDAS Boys Lace Hiking & T...,shoes,kid,3689,5589.39,1900,34.0,4.7,13,1
ACTION, ACTION Boys & Girls Lace Ru...,shoes,kid,699,998.57,299,30.0,4.1,588,82
Miss, Miss & Chief Boys Velcro Ru...,shoes,kid,557,1989.29,1432,72.0,4.0,24,6
LUCA, LUCA Boys Lace Football Sho...,shoes,kid,764,898.82,134,15.0,4.4,8,1
Edee, Edee Boys & Girls Velcro Ru...,shoes,kid,260,1083.33,823,76.0,3.9,70,6
Miss, Miss & Chief Boys & Girls V...,shoes,kid,399,687.93,288,42.0,3.9,156,26
ADIDAS, ADIDAS Boys Lace Running Sh...,shoes,kid,1943,4518.6,2575,57.0,4.5,51,5
vikeno, vikeno Boys & Girls Lace Ru...,shoes,kid,410,976.19,566,58.0,4.2,24,4
REEBOK, REEBOK Boys Lace Running Sh...,shoes,kid,1344,2584.62,1240,48.0,4.3,21,2
SPARX, SPARX Boys Lace Running Sho...,shoes,kid,799,799.0,0,0.0,3.8,12,2
J0YJ0, J0YJ0 Boys & Girls Lace Wal...,shoes,kid,399,687.93,288,42.0,3.9,924,116
NEOBABY, NEOBABY Boys & Girls Lace R...,shoes,kid,255,398.44,143,36.0,3.9,92,14
Avengers, Avengers Boys Velcro Runnin...,shoes,kid,953,1798.11,845,47.0,4.1,207,34
CAMPUS, CAMPUS Boys Lace Running Sh...,shoes,kid,599,599.0,0,0.0,4.4,31,1
Unistar, Unistar Boys Lace Running S...,shoes,kid,349,396.59,47,12.0,3.8,16,1
ESSENCE, ESSENCE Boys Lace Walking S...,shoes,kid,499,998.0,499,50.0,4.2,70,10
LETS, LETS RUN Boys & Girls Lace ...,shoes,kid,429,498.84,69,14.0,4.0,647,81
CAMPUS, CAMPUS Boys & Girls Lace Ru...,shoes,kid,450,450.0,0,0.0,4.4,21,3
Ap'pulse, Ap'pulse Solid Women Round ...,tshirt,women,629,1747.22,1118,64.0,4.2,1439,187
ADIDAS, ADIDAS Solid Women Round Ne...,tshirt,women,799,1192.54,393,33.0,4.2,67,8
PUMA, PUMA Printed Women Round Ne...,tshirt,women,536,1276.19,740,58.0,4.1,71,8
ADIDAS, ADIDAS Solid Women Round Ne...,tshirt,women,635,894.37,259,29.0,4.1,697,61
REEBOK, REEBOK Sports Women Round N...,tshirt,women,884,892.93,8,1.0,4.4,182,21
PUMA, PUMA Solid Women Polo Neck ...,tshirt,women,1499,1499.0,0,0.0,3.9,25,3
Reifica, Reifica Solid Women Round N...,tshirt,women,404,985.37,581,59.0,4.2,15089,2399
REEBOK, REEBOK Printed Women Round ...,tshirt,women,583,988.14,405,41.0,4.0,233,27
ADIDAS, ADIDAS Solid Women Round Ne...,tshirt,women,887,1385.94,498,36.0,4.1,76,8
PUMA, PUMA Solid Women Round Neck...,tshirt,women,553,1286.05,733,57.0,3.9,482,45
ADIDAS, ADIDAS Solid Women Round Ne...,tshirt,women,882,1191.89,309,26.0,4.3,49,3
MODEVE, MODEVE Graphic Print Women ...,tshirt,women,719,1382.69,663,48.0,4.2,8116,1120
NIKE, NIKE Perforations Women Rou...,tshirt,women,783,991.14,208,21.0,4.0,181,7
Ap'pulse, Ap'pulse Solid Women Round ...,tshirt,women,521,1042.0,521,50.0,4.1,6206,856
New, New Balance Printed Women R...,tshirt,women,1013,2470.73,1457,59.0,4.4,23,1
asics, asics Solid Women Round Nec...,tshirt,women,1397,1995.71,598,30.0,4.5,13,1
ADIDAS, ADIDAS Solid Women Round Ne...,tshirt,women,1599,1599.0,0,0.0,4.1,14,1
NIKE, NIKE Printed Women Round Ne...,tshirt,women,1470,1484.85,14,1.0,4.2,18,4
Ap'pulse, Ap'pulse Solid Women Round ...,tshirt,women,359,997.22,638,64.0,4.0,135,13
MODEVE, MODEVE Printed Women Round ...,tshirt,women,539,998.15,459,46.0,4.1,489,82
ADIDAS, ADIDAS Solid Women Round Ne...,tshirt,women,627,895.71,268,30.0,4.1,772,63
REEBOK, REEBOK Self Design Women Ro...,tshirt,women,1154,1697.06,543,32.0,4.9,9,2
ADIDAS, ADIDAS Printed Women Round ...,tshirt,women,1275,1287.88,12,1.0,4.1,29,2
REEBOK, REEBOK Printed Women Round ...,tshirt,women,1060,1092.78,32,3.0,4.4,17,2
NIKE, NIKE Self Design Women Roun...,tshirt,women,1177,1489.87,312,21.0,4.4,57,6
PUMA, PUMA Solid Women Round Neck...,tshirt,women,683,1484.78,801,54.0,4.2,199,23
REEBOK, REEBOK Printed Women Round ...,tshirt,women,942,1290.41,348,27.0,4.2,256,29
ADIDAS, ADIDAS Solid Women Round Ne...,tshirt,women,817,1571.15,754,48.0,4.2,115,14
PUMA, PUMA Printed Women Round Ne...,tshirt,women,1461,2981.63,1520,51.0,4.1,9,1
REEBOK, REEBOK Solid Women Polo Nec...,tshirt,women,1079,1089.9,10,1.0,4.5,14,1
CHKOKKO, CHKOKKO Solid Women Round N...,tshirt,women,549,1193.48,644,54.0,4.0,409,49
PUMA, PUMA Solid Women Round Neck...,tshirt,women,730,1489.8,759,51.0,4.0,80,8
ADIDAS, ADIDAS Sporty Women V Neck ...,tshirt,women,744,992.0,248,25.0,4.4,43,4
S-BEAST, S-BEAST Sporty Women Round ...,tshirt,women,364,983.78,619,63.0,4.3,3,2
ADIDAS, ADIDAS Graphic Print Women ...,tshirt,women,854,1293.94,439,34.0,4.5,26,6
UNDER, UNDER ARMOUR Solid Women Ro...,tshirt,women,1423,2790.2,1367,49.0,4.0,8,1
ADIDAS, ADIDAS Solid Women Polo Nec...,tshirt,women,1092,1495.89,403,27.0,3.8,36,4
Clovia, Clovia Typography Women Rou...,tshirt,women,431,897.92,466,52.0,4.5,12,1
Wildcraft, Wildcraft Self Design Women...,tshirt,women,576,1175.51,599,51.0,4.4,229,20
S-BEAST, S-BEAST Sporty Women Round ...,tshirt,women,364,983.78,619,63.0,4.3,3,2
REEBOK, REEBOK Solid Women Round Ne...,tshirt,women,1199,1199.0,0,0.0,4.8,9,2
ADIDAS, ADIDAS Sporty Women Round N...,tshirt,women,1472,1486.87,14,1.0,4.3,18,3
Ap'pulse, Ap'pulse Solid Women Round ...,tshirt,women,359,997.22,638,64.0,4.0,135,13
ALCIS, ALCIS Solid Women Round Nec...,tshirt,women,450,882.35,432,49.0,4.4,17,7
CHKOKKO, CHKOKKO Solid Women Round N...,tshirt,women,446,1173.68,727,62.0,4.0,150,15
Ajile, Ajile By Pantaloons Solid W...,tshirt,women,324,498.46,174,35.0,4.2,292,27
NIKE, NIKE Printed Women Round Ne...,tshirt,women,1230,1983.87,753,38.0,4.7,29,5
Ap'pulse, Ap'pulse Solid Women High N...,tshirt,women,359,797.78,438,55.0,4.2,108,21
Clovia, Clovia Solid Women Round Ne...,tshirt,women,315,984.38,669,68.0,4.1,27,4
New, New Balance Solid Women Rou...,tshirt,women,898,1995.56,1097,55.0,3.6,5,1
asics, asics Printed Women Round N...,tshirt,women,685,1397.96,712,51.0,4.2,30,2
Ap'pulse, Ap'pulse Solid Women Polo N...,tshirt,women,539,1197.78,658,55.0,4.0,341,47
Enamor, Enamor Solid Women Round Ne...,tshirt,women,549,549.0,0,0.0,4.1,8,4
Ajile, Ajile By Pantaloons Printed...,tshirt,women,454,698.46,244,35.0,4.2,93,12
REEBOK, REEBOK Graphic Print Women ...,tshirt,women,748,1496.0,748,50.0,3.9,137,12
PUMA, PUMA Printed Women Round Ne...,tshirt,women,1055,1788.14,733,41.0,3.8,60,9
CHKOKKO, CHKOKKO Self Design Women R...,tshirt,women,449,997.78,548,55.0,3.8,249,44
PUMA, PUMA Solid Women Polo Neck ...,tshirt,women,1472,1486.87,14,1.0,3.9,25,3
D-passion, D-passion Printed Women Rou...,tshirt,women,399,798.0,399,50.0,3.4,17,2
asics, asics Solid Women Square Ne...,tshirt,women,1397,1995.71,598,30.0,4.6,10,2
Ap'pulse, Ap'pulse Solid Women High N...,tshirt,women,359,797.78,438,55.0,4.2,108,21
REEBOK, REEBOK Self Design Women Ro...,tshirt,women,1483,2180.88,697,32.0,4.3,7,1
UNDER, UNDER ARMOUR Solid Women Po...,tshirt,women,1931,3940.82,2009,51.0,4.6,10,1
REEBOK, REEBOK Self Design Women Ro...,tshirt,women,539,898.33,359,40.0,4.0,94,8
kipa, kipa Sporty Women Round Nec...,tshirt,women,299,786.84,487,62.0,3.9,124,16
PEOPLE, PEOPLE Solid Women Round Ne...,tshirt,women,440,785.71,345,44.0,4.0,156,12
JOCKEY, JOCKEY Solid Women V Neck B...,tshirt,women,479,515.05,36,7.0,4.3,826,81
MODEVE, MODEVE Graphic Print Women ...,tshirt,women,799,1377.59,578,42.0,4.2,8115,1120
DSWS, DSWS Solid Women Scoop Neck...,tshirt,women,299,786.84,487,62.0,4.2,6,1
LAYA, LAYA Solid Women Round Neck...,tshirt,women,349,742.55,393,53.0,4.0,1304,143
Enamor, Enamor Solid Women Scoop Ne...,tshirt,women,549,549.0,0,0.0,4.3,4,1
Reifica, Reifica Solid Women Round N...,tshirt,women,404,985.37,581,59.0,4.2,15089,2399
REEBOK, REEBOK Self Design Women Ro...,tshirt,women,649,998.46,349,35.0,4.4,44,5
Reifica, Reifica Color Block Women R...,tshirt,women,445,1589.29,1144,72.0,4.2,844,132
REEBOK, REEBOK Self Design Women Ro...,tshirt,women,1290,1984.62,694,35.0,4.7,3,1
Ap'pulse, Ap'pulse Solid Women Round ...,tshirt,women,539,1585.29,1046,66.0,4.3,695,104
Zelocity, Zelocity by Zivame Solid Wo...,tshirt,women,626,894.29,268,30.0,3.5,4,1
PUMA, PUMA Solid Women Round Neck...,tshirt,women,1766,1783.84,17,1.0,4.2,5,2
ADIDAS, ADIDAS Printed Women Round ...,tshirt,women,1799,1799.0,0,0.0,4.6,52,4
CHKOKKO, CHKOKKO Self Design Women R...,tshirt,women,449,997.78,548,55.0,3.8,249,44
LAYA, LAYA Solid Women V Neck Pin...,tshirt,women,299,695.35,396,57.0,4.0,316,40
Reifica, Reifica Color Block Women R...,tshirt,women,425,1574.07,1149,73.0,4.2,844,132
asics, asics Solid Women Polo Neck...,tshirt,women,1725,2782.26,1057,38.0,4.0,9,2
REEBOK, REEBOK Self Design Women Ro...,tshirt,women,649,998.46,349,35.0,4.4,44,5
Ap'pulse, Ap'pulse Solid Women High N...,tshirt,women,539,1585.29,1046,66.0,4.0,152,25
asics, asics Printed Women Round N...,tshirt,women,637,1274.0,637,50.0,4.2,30,2
PUMA, PUMA Printed Women Round Ne...,tshirt,women,1006,2453.66,1447,59.0,3.8,9,1
Ap'pulse, Ap'pulse Solid Women Round ...,tshirt,women,296,528.57,232,44.0,4.1,3905,525
Ap'pulse, Ap'pulse Solid Women High N...,tshirt,women,539,1585.29,1046,66.0,4.0,152,25
REEBOK, REEBOK Perforations Women R...,tshirt,women,539,898.33,359,40.0,4.2,41,4
ADRENEX, ADRENEX Printed Men Round N...,tshirt,men,899,899.0,0,0.0,4.3,8,2
ADRENEX, ADRENEX Graphic Print Men R...,tshirt,men,359,897.5,538,60.0,4.0,215,35
ADRENEX, ADRENEX Color Block Men Rou...,tshirt,men,999,999.0,0,0.0,4.3,39,8
PUMA, PUMA Solid Men Polo Neck Wh...,tshirt,men,719,1497.92,778,52.0,3.8,195,19
REEBOK, REEBOK Sporty Men Round Nec...,tshirt,men,635,1198.11,563,47.0,4.2,141,16
NIKE, NIKE Printed Men Round Neck...,tshirt,men,1310,1794.52,484,27.0,5.0,6,1
ADIDAS, ADIDAS Solid Men Round Neck...,tshirt,men,1599,1599.0,0,0.0,4.0,49,5
REEBOK, REEBOK Solid Men Polo Neck ...,tshirt,men,729,1278.95,549,43.0,4.0,373,36
Zesteez, Zesteez Solid Men Round Nec...,tshirt,men,582,986.44,404,41.0,4.4,16,4
PUMA, PUMA Solid Men Polo Neck Wh...,tshirt,men,719,1497.92,778,52.0,3.8,195,19
ADRENEX, ADRENEX Printed Men Round N...,tshirt,men,439,1097.5,658,60.0,4.5,136,16
M7, M7 By Metronaut Polka Print...,tshirt,men,515,1197.67,682,57.0,3.7,26,3
PUMA, PUMA Self Design Men Polo N...,tshirt,men,799,1598.0,799,50.0,4.2,1741,183
ADIDAS, ADIDAS Sporty Men Round Nec...,tshirt,men,749,998.67,249,25.0,4.2,863,105
ADIDAS, ADIDAS Printed Men Round Ne...,tshirt,men,1049,1979.25,930,47.0,4.0,231,23
ADRENEX, ADRENEX Graphic Print Men R...,tshirt,men,359,897.5,538,60.0,4.0,301,51
ADIDAS, ADIDAS Solid Men Polo Neck ...,tshirt,men,1499,1499.0,0,0.0,4.1,83,10
NIKE, NIKE Printed Men Round Neck...,tshirt,men,1164,1594.52,430,27.0,4.5,82,7
PUMA, PUMA Printed Men Round Neck...,tshirt,men,1004,1498.51,494,33.0,4.1,341,34
NIKE, NIKE Solid Men Polo Neck Wh...,tshirt,men,1310,1794.52,484,27.0,4.2,126,19
ADIDAS, ADIDAS Solid Men Round Neck...,tshirt,men,1049,1589.39,540,34.0,3.3,55,4
M7, M7 By Metronaut Printed Men...,tshirt,men,479,997.92,518,52.0,3.8,98,16
REEBOK, REEBOK Sporty Men Round Nec...,tshirt,men,599,1497.5,898,60.0,4.2,80,7
REEBOK, REEBOK Solid Men Round Neck...,tshirt,men,1499,1499.0,0,0.0,4.4,10,2
Wildcraft, Wildcraft Self Design Men P...,tshirt,men,749,1498.0,749,50.0,4.3,103,14
REEBOK, REEBOK Solid Men Round Neck...,tshirt,men,736,1098.51,362,33.0,3.9,671,82
REEBOK, REEBOK Sporty Men Round Nec...,tshirt,men,713,1398.04,685,49.0,3.9,99,10
FILA, FILA Printed Men Polo Neck ...,tshirt,men,569,1497.37,928,62.0,4.1,174,13
Casotec, Casotec Printed Men Round N...,tshirt,men,249,691.67,442,64.0,3.8,267,29
ADIDAS, ADIDAS Solid Men Polo Neck ...,tshirt,men,1004,1498.51,494,33.0,3.9,82,3
ADRENEX, ADRENEX Printed Men Round N...,tshirt,men,359,897.5,538,60.0,4.0,142,11
asics, asics Solid Men Polo Neck W...,tshirt,men,696,1697.56,1001,59.0,4.1,56,8
ADIDAS, ADIDAS Sporty Men Polo Neck...,tshirt,men,639,1597.5,958,60.0,4.0,157,26
NIKE, NIKE Self Design Men Round ...,tshirt,men,647,1294.0,647,50.0,4.1,414,39
NIKE, NIKE Printed Men Round Neck...,tshirt,men,972,1593.44,621,39.0,4.5,44,7
ADRENEX, ADRENEX Printed Men Round N...,tshirt,men,399,997.5,598,60.0,4.3,55,5
Wrogn, Wrogn Solid Men Round Neck ...,tshirt,men,624,1273.47,649,51.0,4.2,11,3
REEBOK, REEBOK Printed Men Round Ne...,tshirt,men,729,1278.95,549,43.0,4.3,31,1
ADIDAS, ADIDAS Sporty Men Polo Neck...,tshirt,men,1049,1979.25,930,47.0,4.1,173,17
ADIDAS, ADIDAS Printed Men Round Ne...,tshirt,men,953,1798.11,845,47.0,4.3,32,4
REEBOK, REEBOK Solid Men Round Neck...,tshirt,men,1199,1998.33,799,40.0,3.9,62,4
NIKE, NIKE Perforations Men Polo ...,tshirt,men,1310,1794.52,484,27.0,3.3,3,1
ADIDAS, ADIDAS Solid Men Round Neck...,tshirt,men,1049,1979.25,930,47.0,4.1,63,7
PUMA, PUMA Printed Men Round Neck...,tshirt,men,623,1297.92,674,52.0,4.2,223,23
PUMA, PUMA Solid Men Polo Neck Wh...,tshirt,men,719,1497.92,778,52.0,3.8,195,19
ADIDAS, ADIDAS Color Block Men Polo...,tshirt,men,1199,1998.33,799,40.0,4.1,573,70
PUMA, PUMA Graphic Print Men Roun...,tshirt,men,719,1797.5,1078,60.0,3.8,85,7
WOMINK, WOMINK Color Block Men Roun...,tshirt,men,379,881.4,502,57.0,4.3,52,16
REEBOK, REEBOK Printed Men Round Ne...,tshirt,men,674,1497.78,823,55.0,4.0,43,3
PUMA, PUMA Solid Men Polo Neck Wh...,tshirt,men,719,1497.92,778,52.0,3.8,195,19
AWG, AWG Solid Men Round Neck Mu...,tshirt,men,757,2523.33,1766,70.0,3.7,25265,3641
ADIDAS, ADIDAS Printed Men Round or...,tshirt,men,799,1997.5,1198,60.0,3.9,204,14
ADIDAS, ADIDAS Color Block Men Roun...,tshirt,men,999,2497.5,1498,60.0,4.5,15,1
M7, M7 By Metronaut Graphic Pri...,tshirt,men,343,797.67,454,57.0,4.3,358,43
PUMA, PUMA Solid Men Polo Neck Wh...,tshirt,men,719,1497.92,778,52.0,3.8,195,19
ADIDAS, ADIDAS Printed Men Round Ne...,tshirt,men,799,1997.5,1198,60.0,4.2,42,4
NIKE, NIKE Solid Men Round Neck G...,tshirt,men,1296,1993.85,697,35.0,3.9,33,3
REEBOK, REEBOK Printed Men Round Ne...,tshirt,men,1540,2298.51,758,33.0,4.5,17,2
ADIDAS, ADIDAS Solid Men Polo Neck ...,tshirt,men,1339,1998.51,659,33.0,3.9,90,12
ADIDAS, ADIDAS Solid Men Round Neck...,tshirt,men,1049,1589.39,540,34.0,4.2,341,35
Casotec, Casotec Printed Men Round N...,tshirt,men,249,691.67,442,64.0,3.8,267,29
REEBOK, REEBOK Solid Men Round Neck...,tshirt,men,629,998.41,369,37.0,4.1,534,48
PUMA, PUMA Self Design Men Round ...,tshirt,men,863,1797.92,934,52.0,4.0,408,46
ADIDAS, ADIDAS Printed Men Round Ne...,tshirt,men,719,1797.5,1078,60.0,4.0,73,6
Delta, Delta Sports Sporty Men Rou...,tshirt,men,426,990.7,564,57.0,4.0,159,16
NIKE, NIKE Solid Men Round Neck P...,tshirt,men,1894,2594.52,700,27.0,3.8,17,2
asics, asics Solid Men Round Neck ...,tshirt,men,1299,1299.0,0,0.0,4.7,11,2
UNDER, UNDER ARMOUR Printed Men Ro...,tshirt,men,1589,2998.11,1409,47.0,3.8,4,2
PUMA, PUMA Self Design Men Round ...,tshirt,men,863,1797.92,934,52.0,4.0,408,46
Wildcraft, Wildcraft Printed Men Round...,tshirt,men,429,997.67,568,57.0,4.2,191,25
REEBOK, REEBOK Graphic Print Men Ro...,tshirt,men,582,1098.11,516,47.0,4.0,290,24
PUMA, PUMA Solid Men Polo Neck Bl...,tshirt,men,1049,1777.97,728,41.0,4.0,1227,146
NIKE, NIKE Applique Men Round Nec...,tshirt,men,1456,1994.52,538,27.0,4.1,17,3
PUMA, PUMA Solid Men Round Neck R...,tshirt,men,1379,2298.33,919,40.0,3.8,4,1
NIKE, NIKE Solid Men Round Neck B...,tshirt,men,747,1494.0,747,50.0,4.0,123,13
U.S., U.S. POLO ASSN. Printed Men...,tshirt,men,1138,1698.51,560,33.0,4.1,11,1
NIKE, NIKE Self Design Men Round ...,tshirt,men,1049,1477.46,428,29.0,4.1,35,1
REEBOK, REEBOK Solid Men Round Neck...,tshirt,men,736,1098.51,362,33.0,4.2,284,35
Wildcraft, Wildcraft Printed Men Round...,tshirt,men,689,1497.83,808,54.0,3.9,239,23
ADIDAS, ADIDAS Sporty Men Round Nec...,tshirt,men,1049,1979.25,930,47.0,4.1,134,10
WOMINK, WOMINK Color Block Men Roun...,tshirt,men,379,881.4,502,57.0,4.3,52,16
NIKE, NIKE Solid Men Round Neck G...,tshirt,men,929,1290.28,361,28.0,4.1,283,24
ADIDAS, ADIDAS Printed Men Round Ne...,tshirt,men,953,1798.11,845,47.0,3.9,71,10
ADIDAS, ADIDAS Graphic Print Men Ro...,tshirt,men,1483,2798.11,1315,47.0,4.1,74,4
PUMA, PUMA Color Block Men Round ...,tshirt,men,683,1797.37,1114,62.0,4.1,170,20
ADIDAS, ADIDAS Graphic Print Men Ro...,tshirt,men,1483,2798.11,1315,47.0,4.1,74,4
NIKE, NIKE Solid Men Round Neck G...,tshirt,men,929,1290.28,361,28.0,4.1,283,24
ADIDAS, ADIDAS Self Design Men Roun...,tshirt,men,741,1398.11,657,47.0,4.2,299,17
REEBOK, REEBOK Graphic Print Men Ro...,tshirt,men,699,1092.19,393,36.0,4.1,179,24
ARMISTO, ARMISTO Solid Men Round Nec...,tshirt,men,599,894.03,295,33.0,4.0,211,31
ADIDAS, ADIDAS Printed Men Round Ne...,tshirt,men,953,1798.11,845,47.0,3.9,71,10
NIKE, NIKE Solid Men Round Neck G...,tshirt,men,929,1290.28,361,28.0,4.1,283,24
PUMA, PUMA Color Block Men Round ...,tshirt,men,683,1797.37,1114,62.0,4.1,170,20
REEBOK, REEBOK Graphic Print Men Ro...,tshirt,men,699,1092.19,393,36.0,4.1,179,24
REEBOK, REEBOK Solid Men Round Neck...,tshirt,men,1049,1979.25,930,47.0,4.0,67,6
UNIQ, UNIQ Boys & Girls Printed P...,tshirt,kid,299,695.35,396,57.0,4.2,9,2
QiDDO, QiDDO Sports Boys Printed P...,tshirt,kid,640,800.0,160,20.0,4.0,8,2
UNIQ, UNIQ Boys & Girls Printed P...,tshirt,kid,349,793.18,444,56.0,3.2,6,1
UNIQ," UNIQ Boys Printed, Colorblo...",tshirt,kid,359,690.38,331,48.0,4.2,1590,213
yellowvibes, yellowvibes Boys & Girls Pr...,tshirt,kid,522,984.91,462,47.0,3.9,36,2
UNIQ, UNIQ Boys & Girls Printed P...,tshirt,kid,349,793.18,444,56.0,3.7,28,7
IZON, IZON Boys Printed Polyester...,tshirt,kid,347,694.0,347,50.0,5.0,3,1
yellowvibes, yellowvibes Boys & Girls Pr...,tshirt,kid,522,984.91,462,47.0,3.9,36,2
ALCIS, ALCIS Girls Printed Pure Co...,tshirt,kid,479,798.33,319,40.0,3.7,7,1
T10, T10 Sports Boys & Girls Sol...,tshirt,kid,699,699.0,0,0.0,3.7,3,1
UNIQ, UNIQ Boys & Girls Printed P...,tshirt,kid,349,793.18,444,56.0,4.1,19,1
IZON, IZON Boys & Girls Colorbloc...,tshirt,kid,347,694.0,347,50.0,3.8,56,2
UNIQ, UNIQ Boys & Girls Printed P...,tshirt,kid,479,997.92,518,52.0,3.7,295,33
QiDDO, QiDDO Sports Boys Printed P...,tshirt,kid,560,700.0,140,20.0,3.8,4,1
yellowvibes, yellowvibes Boys & Girls Pr...,tshirt,kid,522,984.91,462,47.0,3.9,36,2
T10, T10 Sports Boys Solid T Shi...,tshirt,kid,498,691.67,193,28.0,3.8,16,1
yellowvibes, yellowvibes Boys & Girls Pr...,tshirt,kid,522,984.91,462,47.0,3.9,36,2
ALCIS, ALCIS Girls Printed Pure Co...,tshirt,kid,479,798.33,319,40.0,3.7,7,1
ALCIS, ALCIS Boys Printed Pure Cot...,tshirt,kid,359,598.33,239,40.0,3.0,4,1
IZON, IZON Boys & Girls Colorbloc...,tshirt,kid,347,694.0,347,50.0,3.8,56,2
UNIQ, UNIQ Boys & Girls Printed P...,tshirt,kid,599,894.03,295,33.0,4.7,3,1
T10, T10 Sports Boys Embellished...,tshirt,kid,698,997.14,299,30.0,3.6,22,2
UNIQ, UNIQ Boys & Girls Printed P...,tshirt,kid,399,886.67,487,55.0,3.0,1,1
yellowvibes, yellowvibes Boys & Girls Pr...,tshirt,kid,522,984.91,462,47.0,3.9,36,2
ALCIS, ALCIS Girls Printed Pure Co...,tshirt,kid,479,798.33,319,40.0,3.7,7,1
yellowvibes, yellowvibes Boys & Girls Pr...,tshirt,kid,522,984.91,462,47.0,3.9,36,2
ALCIS, ALCIS Girls Printed Pure Co...,tshirt,kid,479,798.33,319,40.0,3.7,7,1
ALCIS, ALCIS Boys Printed Pure Cot...,tshirt,kid,359,598.33,239,40.0,3.0,4,1
IZON, IZON Boys & Girls Printed P...,tshirt,kid,356,791.11,435,55.0,3.6,51,15
UNIQ, UNIQ Boys Printed Polyester...,tshirt,kid,349,997.14,648,65.0,3.5,67,3
yellowvibes, yellowvibes Boys & Girls Pr...,tshirt,kid,522,984.91,462,47.0,3.9,36,2
ALCIS, ALCIS Girls Printed Pure Co...,tshirt,kid,479,798.33,319,40.0,3.7,7,1
Hium, Hium Boys & Girls Printed C...,tshirt,kid,249,996.0,747,75.0,3.6,5,2
ICABLE, ICABLE Girls Solid Polycott...,tshirt,kid,251,1255.0,1004,80.0,3.9,39,5
IZON, IZON Boys & Girls Printed P...,tshirt,kid,356,791.11,435,55.0,3.6,51,15
chimprala, chimprala Boys Self Design ...,tshirt,kid,439,1219.44,780,64.0,4.0,3,1
UNIQ, UNIQ Boys & Girls Printed P...,tshirt,kid,379,881.4,502,57.0,3.7,11,1
yellowvibes, yellowvibes Boys & Girls Pr...,tshirt,kid,522,984.91,462,47.0,3.9,36,2
ALCIS, ALCIS Girls Printed Pure Co...,tshirt,kid,479,798.33,319,40.0,3.7,7,1
ALCIS, ALCIS Boys Printed Pure Cot...,tshirt,kid,359,598.33,239,40.0,3.0,4,1
chimprala, chimprala Boys Self Design ...,tshirt,kid,439,1219.44,780,64.0,4.0,3,1
yellowvibes, yellowvibes Boys & Girls Pr...,tshirt,kid,522,984.91,462,47.0,3.9,36,2
ALCIS, ALCIS Girls Printed Pure Co...,tshirt,kid,479,798.33,319,40.0,3.7,7,1
Decathlon, Decathlon  - DOMYOS Boys Pr...,tshirt,kid,664,698.95,34,5.0,4.5,4,1
ALCIS, ALCIS Boys Printed Pure Cot...,tshirt,kid,359,598.33,239,40.0,3.0,4,1
Ariel, Ariel Boys Graphic Print Co...,tshirt,kid,399,643.55,244,38.0,4.4,51,12
yellowvibes, yellowvibes Boys & Girls Pr...,tshirt,kid,522,984.91,462,47.0,3.9,36,2
ALCIS, ALCIS Girls Printed Pure Co...,tshirt,kid,479,798.33,319,40.0,3.7,7,1
ALCIS, ALCIS Boys Printed Pure Cot...,tshirt,kid,359,598.33,239,40.0,3.0,4,1
UNIQ, UNIQ Boys & Girls Printed P...,tshirt,kid,639,1083.05,444,41.0,4.0,2,1
yellowvibes, yellowvibes Boys & Girls Pr...,tshirt,kid,522,984.91,462,47.0,3.9,36,2
ALCIS, ALCIS Girls Printed Pure Co...,tshirt,kid,479,798.33,319,40.0,3.7,7,1
ALCIS, ALCIS Boys Printed Pure Cot...,tshirt,kid,359,598.33,239,40.0,3.0,4,1
UNIQ," UNIQ Boys Printed, Striped ...",tshirt,kid,619,1085.96,466,43.0,3.9,33,2
chimprala, chimprala Boys Colorblock P...,tshirt,kid,439,1219.44,780,64.0,5.0,1,1
MSP, MSP Boys Graphic Print Pure...,tshirt,kid,219,421.15,202,48.0,3.8,13,4
yellowvibes, yellowvibes Boys & Girls Pr...,tshirt,kid,522,984.91,462,47.0,3.9,36,2
ALCIS, ALCIS Girls Printed Pure Co...,tshirt,kid,479,798.33,319,40.0,3.7,7,1
ALCIS, ALCIS Boys Printed Pure Cot...,tshirt,kid,359,598.33,239,40.0,3.0,4,1
IZON, IZON Boys & Girls Printed P...,tshirt,kid,356,791.11,435,55.0,3.6,51,15
yellowvibes, yellowvibes Boys & Girls Pr...,tshirt,kid,522,984.91,462,47.0,3.9,36,2
ALCIS, ALCIS Girls Printed Pure Co...,tshirt,kid,479,798.33,319,40.0,3.7,7,1
ALCIS, ALCIS Boys Printed Pure Cot...,tshirt,kid,359,598.33,239,40.0,3.0,4,1
ALCIS, ALCIS Boys Printed Polyeste...,tshirt,kid,299,498.33,199,40.0,4.5,4,1
chimprala, chimprala Boys Solid Polyes...,tshirt,kid,439,1219.44,780,64.0,4.5,6,1
yellowvibes, yellowvibes Boys & Girls Pr...,tshirt,kid,522,984.91,462,47.0,3.9,36,2
ICABLE, ICABLE Girls Solid Polycott...,tshirt,kid,242,1273.68,1031,81.0,3.9,39,5
ALCIS, ALCIS Girls Printed Pure Co...,tshirt,kid,479,798.33,319,40.0,3.7,7,1
ALCIS, ALCIS Boys Printed Pure Cot...,tshirt,kid,359,598.33,239,40.0,3.0,4,1
OBOW, OBOW Boys & Girls Graphic P...,tshirt,kid,299,695.35,396,57.0,4.4,21,2
UNIQ," UNIQ Boys & Girls Printed, ...",tshirt,kid,639,1083.05,444,41.0,4.5,10,2
MSP, MSP Boys Graphic Print Pure...,tshirt,kid,219,421.15,202,48.0,3.8,13,4
yellowvibes, yellowvibes Boys & Girls Pr...,tshirt,kid,522,984.91,462,47.0,3.9,36,2
ALCIS, ALCIS Girls Printed Pure Co...,tshirt,kid,479,798.33,319,40.0,3.7,7,1
ALCIS, ALCIS Boys Printed Pure Cot...,tshirt,kid,359,598.33,239,40.0,3.0,4,1
GAP, GAP Boys Printed Pure Cotto...,tshirt,kid,239,796.67,557,70.0,3.9,11,2
yellowvibes, yellowvibes Boys & Girls Pr...,tshirt,kid,522,984.91,462,47.0,3.9,36,2
ALCIS, ALCIS Girls Printed Pure Co...,tshirt,kid,479,798.33,319,40.0,3.7,7,1
ALCIS, ALCIS Boys Printed Pure Cot...,tshirt,kid,359,598.33,239,40.0,3.0,4,1
UNIQ, UNIQ Boys & Girls Printed P...,tshirt,kid,599,894.03,295,33.0,5.0,1,1
yellowvibes, yellowvibes Boys & Girls Pr...,tshirt,kid,522,984.91,462,47.0,3.9,36,2
ALCIS, ALCIS Girls Printed Pure Co...,tshirt,kid,479,798.33,319,40.0,3.7,7,1
ALCIS, ALCIS Boys Printed Pure Cot...,tshirt,kid,359,598.33,239,40.0,3.0,4,1
IZON, IZON Boys & Girls Printed P...,tshirt,kid,356,791.11,435,55.0,3.6,51,15
UNIQ, UNIQ Boys & Girls Printed P...,tshirt,kid,399,886.67,487,55.0,3.8,5,1
yellowvibes, yellowvibes Boys & Girls Pr...,tshirt,kid,522,984.91,462,47.0,3.9,36,2
ALCIS, ALCIS Girls Printed Pure Co...,tshirt,kid,479,798.33,319,40.0,3.7,7,1
ALCIS, ALCIS Boys Printed Pure Cot...,tshirt,kid,359,598.33,239,40.0,3.0,4,1
IZON, IZON Boys & Girls Printed P...,tshirt,kid,356,791.11,435,55.0,3.6,51,15
PUMA, PUMA Boys Printed Cotton Bl...,tshirt,kid,899,1498.33,599,40.0,4.5,138,12
yellowvibes, yellowvibes Boys & Girls Pr...,tshirt,kid,522,984.91,462,47.0,3.9,36,2
ALCIS, ALCIS Girls Printed Pure Co...,tshirt,kid,479,798.33,319,40.0,3.7,7,1
ALCIS, ALCIS Boys Printed Pure Cot...,tshirt,kid,359,598.33,239,40.0,3.0,4,1
MSP, MSP Boys Graphic Print Pure...,tshirt,kid,219,421.15,202,48.0,3.8,13,4
IZON, IZON Boys & Girls Printed P...,tshirt,kid,356,791.11,435,55.0,3.6,51,15
Lee," Lee Topper Retro Square, Sp...",glasses,women,389,1296.67,907,70.0,4.1,897,186
SBE, SBE Sports Sunglasses,glasses,women,349,498.57,149,30.0,3.9,153,35
D-Patron," D-Patron Sports, Spectacle ...",glasses,women,599,2218.52,1619,73.0,4.1,43,6
VAST," VAST Round, Spectacle  Sung...",glasses,women,799,2959.26,2160,73.0,3.1,10,3
Singco, Singco India Sports Sunglas...,glasses,women,239,1493.75,1254,84.0,3.9,1568,136
ADRENEX, ADRENEX Sports Sunglasses,glasses,women,629,2995.24,2366,79.0,3.6,48,6
GANSTA, GANSTA Aviator Sunglasses,glasses,women,395,2468.75,2073,84.0,3.9,18,4
VAST," VAST Round, Spectacle  Sung...",glasses,women,799,2959.26,2160,73.0,3.1,10,3
PC, PC STAR Round Sunglasses,glasses,women,161,947.06,786,83.0,4.0,5,1
NuVew, NuVew Sports Sunglasses,glasses,women,348,1023.53,675,66.0,3.7,360,50
Style, Style Eva Sports Sunglasses,glasses,women,399,997.5,598,60.0,3.8,13,2
VAST," VAST Round, Spectacle  Sung...",glasses,women,799,2959.26,2160,73.0,3.1,10,3
NuVew, NuVew Sports Sunglasses,glasses,women,348,1023.53,675,66.0,3.7,360,50
Mundkar," Mundkar Oval, Aviator, Wrap...",glasses,women,244,497.96,253,51.0,3.3,35,3
Johaena, Johaena Sports Sunglasses,glasses,women,179,1052.94,873,83.0,3.8,1452,174
VAST," VAST Round, Spectacle  Sung...",glasses,women,799,2959.26,2160,73.0,3.1,10,3
Style, Style Eva Sports Sunglasses,glasses,women,303,977.42,674,69.0,4.0,21,3
PC, PC STAR Rectangular Sunglas...,glasses,women,632,1469.77,837,57.0,4.0,2,2
Resist," Resist Rectangular, Wayfare...",glasses,women,761,2454.84,1693,69.0,3.9,58,6
MOISH," MOISH Rectangular, Wrap-aro...",glasses,women,399,1287.1,888,69.0,3.6,9,2
VAST," VAST Round, Spectacle  Sung...",glasses,women,799,2959.26,2160,73.0,3.1,10,3
PC, PC STAR Retro Square Sungla...,glasses,women,305,983.87,678,69.0,4.5,11,3
NuVew, NuVew Sports Sunglasses,glasses,women,348,1023.53,675,66.0,3.7,360,50
Freny," Freny Exim Retro Square, Wa...",glasses,women,299,1495.0,1196,80.0,3.6,14,2
Irayz, Irayz Sports Sunglasses,glasses,women,349,997.14,648,65.0,4.0,11,2
VAST," VAST Round, Spectacle  Sung...",glasses,women,799,2959.26,2160,73.0,3.1,10,3
NuVew, NuVew Sports Sunglasses,glasses,women,348,1023.53,675,66.0,3.7,360,50
NuVew, NuVew Sports Sunglasses,glasses,women,345,907.89,562,62.0,3.6,1947,281
Freny," Freny Exim Retro Square, Wa...",glasses,women,249,1464.71,1215,83.0,3.6,14,2
Fair-x, Fair-x Sports Sunglasses,glasses,women,359,1495.83,1136,76.0,3.7,10,2
VAST, VAST Sports Sunglasses,glasses,women,365,1659.09,1294,78.0,3.3,26,5
SP, SP Sports Sunglasses,glasses,women,199,585.29,386,66.0,3.2,15,4
D-Patron," D-Patron Sports, Spectacle ...",glasses,women,249,1245.0,996,80.0,4.0,37,6
Freny," Freny Exim Retro Square, Wa...",glasses,women,299,1495.0,1196,80.0,3.6,14,2
hipe, hipe Sports Sunglasses,glasses,women,229,1431.25,1202,84.0,3.2,103,17
eyevy, eyevy Sports Sunglasses,glasses,women,197,492.5,295,60.0,3.6,27,5
VAST," VAST Round, Spectacle  Sung...",glasses,women,799,2959.26,2160,73.0,3.1,10,3
NuVew, NuVew Sports Sunglasses,glasses,women,348,1023.53,675,66.0,3.7,360,50
eyevy," eyevy Wayfarer, Retro Squar...",glasses,women,219,995.45,776,78.0,4.0,174,17
NuVew, NuVew Sports Sunglasses,glasses,women,345,907.89,562,62.0,3.6,1947,281
PC, PC STAR Round Sunglasses,glasses,women,158,987.5,829,84.0,4.0,5,1
VAST," VAST Round, Spectacle  Sung...",glasses,women,799,2959.26,2160,73.0,3.1,10,3
Lee," Lee Topper Wayfarer, Wrap-a...",glasses,women,299,1993.33,1694,85.0,3.6,36,8
NuVew, NuVew Sports Sunglasses,glasses,women,348,1023.53,675,66.0,3.7,360,50
TheWhoop," TheWhoop Sports, Wrap-aroun...",glasses,women,235,1068.18,833,78.0,4.0,7,2
VAST," VAST Round, Spectacle  Sung...",glasses,women,799,2959.26,2160,73.0,3.1,10,3
MOISH, MOISH Sports Sunglasses,glasses,women,284,1183.33,899,76.0,4.0,53,7
NuVew, NuVew Sports Sunglasses,glasses,women,348,1023.53,675,66.0,3.7,360,50
Oneclickshopping, Oneclickshopping Sports Sun...,glasses,women,699,1294.44,595,46.0,3.5,11,3
Mango, Mango People Sports Sunglas...,glasses,women,284,591.67,307,52.0,3.7,7,1
VAST," VAST Round, Spectacle  Sung...",glasses,women,799,2959.26,2160,73.0,3.1,10,3
MOISH, MOISH Sports Sunglasses,glasses,women,284,1183.33,899,76.0,4.0,53,7
NuVew, NuVew Sports Sunglasses,glasses,women,348,1023.53,675,66.0,3.7,360,50
Mango, Mango People Sports Sunglas...,glasses,women,284,591.67,307,52.0,3.7,7,1
eyevy," eyevy Wayfarer, Rectangular...",glasses,women,219,995.45,776,78.0,3.8,11,1
VAST," VAST Round, Spectacle  Sung...",glasses,women,799,2959.26,2160,73.0,3.1,10,3
NuVew, NuVew Sports Sunglasses,glasses,women,348,1023.53,675,66.0,3.7,360,50
SunTap, SunTap Sports Sunglasses,glasses,women,399,1662.5,1263,76.0,3.0,3,1
NuVew, NuVew Sports Sunglasses,glasses,women,345,907.89,562,62.0,3.6,1947,281
GLAND, GLAND Sports Sunglasses,glasses,women,206,1084.21,878,81.0,3.7,30,4
ADRENEX, ADRENEX Sports Sunglasses,glasses,women,629,2995.24,2366,79.0,3.6,48,6
Freny," Freny Exim Retro Square, Wa...",glasses,women,299,1495.0,1196,80.0,3.6,14,2
MOISH, MOISH Sports Sunglasses,glasses,women,328,1171.43,843,72.0,3.2,19,3
Arzonai, Arzonai Sports Sunglasses,glasses,women,220,1294.12,1074,83.0,3.5,28,6
VAST," VAST Round, Spectacle  Sung...",glasses,women,799,2959.26,2160,73.0,3.1,10,3
De-Ultimate, De-Ultimate Sports Sunglass...,glasses,women,295,398.65,103,26.0,3.7,20,1
TASHAN, TASHAN Oval Sunglasses,glasses,women,350,492.96,142,29.0,3.0,1,1
VAST," VAST Round, Spectacle  Sung...",glasses,women,799,2959.26,2160,73.0,3.1,10,3
NuVew, NuVew Sports Sunglasses,glasses,women,348,1023.53,675,66.0,3.7,360,50
MOISH, MOISH Sports Sunglasses,glasses,women,286,1191.67,905,76.0,3.1,15,3
Style, Style Eva Sports Sunglasses,glasses,women,303,977.42,674,69.0,4.0,21,3
Freny," Freny Exim Retro Square, Wa...",glasses,women,299,1495.0,1196,80.0,3.6,14,2
Johaena, Johaena Sports Sunglasses,glasses,women,179,1052.94,873,83.0,3.8,1452,174
Fixoria, Fixoria Sports Sunglasses,glasses,women,189,675.0,486,72.0,3.5,6,1
VAST," VAST Round, Spectacle , Spo...",glasses,women,799,2959.26,2160,73.0,3.1,10,3
De-Ultimate, De-Ultimate Sports Sunglass...,glasses,women,295,398.65,103,26.0,3.7,20,1
TASHAN, TASHAN Oval Sunglasses,glasses,women,350,492.96,142,29.0,3.0,1,1
VAST," VAST Round, Spectacle  Sung...",glasses,women,799,2959.26,2160,73.0,3.1,10,3
NuVew, NuVew Sports Sunglasses,glasses,women,348,1023.53,675,66.0,3.7,360,50
MOISH, MOISH Sports Sunglasses,glasses,women,358,1193.33,835,70.0,3.5,69,14
ARUNIMA, ARUNIMA SPORTS Slides,sleeper,men,299,996.67,697,70.0,3.4,24,3
SUSON, SUSON Slides,sleeper,men,198,495.0,297,60.0,4.0,1453,179
D, D SPORTS Flip Flops,sleeper,men,529,545.36,16,3.0,4.6,13,1
RN, RN Sports Slides,sleeper,men,330,687.5,357,52.0,3.4,2391,336
D, D SPORTS Slippers,sleeper,men,529,545.36,16,3.0,3.9,8,1
ARUNIMA, ARUNIMA SPORTS Slides,sleeper,men,299,996.67,697,70.0,3.4,24,3
SUSON, SUSON Slides,sleeper,men,198,495.0,297,60.0,4.0,1453,179
ARUNIMA, ARUNIMA SPORTS Slides,sleeper,men,312,975.0,663,68.0,3.4,19,1
D, D SPORTS Flip Flops,sleeper,men,529,545.36,16,3.0,4.6,13,1
ARUNIMA, ARUNIMA SPORTS Slides,sleeper,men,239,995.83,756,76.0,4.4,11,4
ARUNIMA, ARUNIMA SPORTS Slides,sleeper,men,299,996.67,697,70.0,3.4,24,3
ARUNIMA, ARUNIMA SPORTS Slides,sleeper,men,299,996.67,697,70.0,3.3,25,3
SUSON, SUSON Slides,sleeper,men,198,495.0,297,60.0,4.0,1453,179
RN, RN Sports Slides,sleeper,men,339,691.84,352,51.0,3.4,2391,336
ARUNIMA, ARUNIMA SPORTS Slides,sleeper,men,299,996.67,697,70.0,3.4,24,3
SUSON, SUSON Slides,sleeper,men,198,495.0,297,60.0,4.0,1453,179
ARUNIMA, ARUNIMA SPORTS Slides,sleeper,men,345,985.71,640,65.0,3.4,19,1
ARUNIMA, ARUNIMA SPORTS Slides,sleeper,men,312,975.0,663,68.0,3.3,25,3
ARUNIMA, ARUNIMA SPORTS Slides,sleeper,men,299,996.67,697,70.0,3.6,10,1
SUSON, SUSON Slides,sleeper,men,198,495.0,297,60.0,4.0,1453,179
ARUNIMA, ARUNIMA SPORTS Slides,sleeper,men,312,975.0,663,68.0,3.3,25,3
ARUNIMA, ARUNIMA SPORTS Slides,sleeper,men,279,996.43,717,72.0,3.4,19,1
ARUNIMA, ARUNIMA SPORTS Slides,sleeper,men,279,996.43,717,72.0,3.4,19,1
Monoction, Monoction New fashion lates...,sleeper,men,199,497.5,298,60.0,3.7,92,6
BAHAMAS, BAHAMAS Flip Flops,sleeper,men,348,497.14,149,30.0,4.2,77,6
Sole, Sole Threads APOLLO Slides,sleeper,men,569,598.95,29,5.0,4.1,2907,345
Relieco, Relieco Men's Daily Wear Ca...,sleeper,men,239,497.92,258,52.0,3.8,261,29
Adda, Adda Slides,sleeper,men,429,429.0,0,0.0,4.1,255,28
Elecant, Elecant Slippers,sleeper,men,261,492.45,231,47.0,4.2,5,1
Adda, Adda Slides,sleeper,men,649,649.0,0,0.0,4.4,444,61
CROCS, CROCS (Crocband) Slides,sleeper,men,1596,1995.0,399,20.0,4.2,964,106
Adda, Adda Slides,sleeper,men,399,399.0,0,0.0,4.1,151,23
PUMA, PUMA Leadcat Slides,sleeper,men,1119,2486.67,1367,55.0,4.2,3963,468
BUDDIES, BUDDIES Slides,sleeper,men,309,498.39,189,38.0,3.3,12,1
Begone, Begone Wild Blue Slipper Fo...,sleeper,men,229,497.83,268,54.0,3.7,434,36
BIZAZO, BIZAZO Slides for men | Fli...,sleeper,men,438,796.36,358,45.0,3.7,28,2
Burner, Burner Mens Red Slippers,sleeper,men,236,786.67,550,70.0,3.4,11,2
PeniLo, PeniLo Slides,sleeper,men,349,997.14,648,65.0,3.6,1933,195
BUDDIES, BUDDIES Slides,sleeper,men,279,498.21,219,44.0,3.3,3,3
Elecant, Elecant Slippers,sleeper,men,261,492.45,231,47.0,4.2,5,1
VRITRAZ, VRITRAZ Slippers,sleeper,men,550,797.1,247,31.0,4.3,12,2
Begone, Begone Wild n Black Slipper...,sleeper,men,229,497.83,268,54.0,3.7,434,36
BUDDIES, BUDDIES Slides,sleeper,men,499,891.07,392,44.0,3.8,118,14
Adda, Adda Flip Flops,sleeper,men,399,498.75,99,20.0,3.9,308,44
THE, THE BABA Flip Flops,sleeper,men,199,398.0,199,50.0,3.8,14,1
SUSON, SUSON Slides,sleeper,men,198,495.0,297,60.0,4.0,1453,179
Relieco, Relieco Extra Comfortable &...,sleeper,men,389,793.88,404,51.0,3.3,33,2
HYTECH, HYTECH Flip Flops,sleeper,men,323,496.92,173,35.0,3.4,14,1
ARUNIMA, ARUNIMA SPORTS Slides,sleeper,men,279,996.43,717,72.0,3.4,19,1
Relieco, Relieco Men's Daily Wear Ca...,sleeper,men,239,497.92,258,52.0,3.8,261,29
RN, RN Sports Slides,sleeper,men,310,688.89,378,55.0,3.4,2391,336
Relieco, Relieco Extra Comfortable &...,sleeper,men,389,793.88,404,51.0,3.3,33,2
SUSON, SUSON Slides,sleeper,men,198,495.0,297,60.0,4.0,1453,179
BUDDIES, BUDDIES Slides,sleeper,men,499,891.07,392,44.0,3.8,118,14
THE, THE BABA Flip Flops,sleeper,men,199,398.0,199,50.0,3.8,14,1
NXGEN, NXGEN Flip Flops,sleeper,women,283,975.86,692,71.0,4.3,153,38
Adda, Adda Flip Flops,sleeper,women,375,375.0,0,0.0,4.2,3314,387
SPORTER, SPORTER Slippers,sleeper,women,399,498.75,99,20.0,4.0,343,47
BEBE, BEBE Sport Slides,sleeper,women,1048,3493.33,2445,70.0,4.0,29,3
Adda, Adda Flip Flops,sleeper,women,339,339.0,0,0.0,4.3,5318,593
BEBE, BEBE Sport Slides,sleeper,women,1048,3493.33,2445,70.0,4.0,29,3
HYTECH, HYTECH Flip Flops,sleeper,women,349,498.57,149,30.0,4.0,82,14
LOTTO, LOTTO Slippers,sleeper,women,299,498.33,199,40.0,3.8,16,2
IRSOE, IRSOE Cassiey Yellow Women'...,sleeper,women,349,498.57,149,30.0,3.7,365,37
Shop, Shop Frenzy Oval Sunglasses,glasses,kid,249,711.43,462,65.0,4.1,9,1
Soku, Soku Shopee Oval Sunglasses,glasses,kid,259,681.58,422,62.0,3.2,5,1
PuthaK, PuthaK Sports Sunglasses,glasses,kid,188,494.74,306,62.0,4.7,10,1
PuthaK, PuthaK Sports Sunglasses,glasses,kid,169,497.06,328,66.0,3.9,7,1
PuthaK, PuthaK Sports Sunglasses,glasses,kid,169,497.06,328,66.0,3.8,14,1
ADRENEX, ADRENEX Printed Men Round N...,shirt,men,899,899.0,0,0.0,4.3,8,2
ADRENEX, ADRENEX Color Block Men Rou...,shirt,men,999,999.0,0,0.0,4.3,39,8
ADIDAS, ADIDAS Solid Men Round Neck...,shirt,men,749,998.67,249,25.0,4.1,1308,148
REEBOK, REEBOK Solid Men Polo Neck ...,shirt,men,729,1278.95,549,43.0,4.0,373,36
REEBOK, REEBOK Solid Men Round Neck...,shirt,men,674,898.67,224,25.0,4.1,307,22
ADRENEX, ADRENEX Graphic Print Men R...,shirt,men,359,897.5,538,60.0,4.0,215,35
NIKE, NIKE Printed Men Round Neck...,shirt,men,1310,1794.52,484,27.0,5.0,6,1
ADIDAS, ADIDAS Solid Men Round Neck...,shirt,men,1599,1599.0,0,0.0,4.0,49,5
RUSE, RUSE Typography Couple Roun...,shirt,men,539,1197.78,658,55.0,4.1,16,1
ALCIS, ALCIS Printed Women Round N...,shirt,men,500,980.39,480,49.0,4.1,158,21
REEBOK, REEBOK Solid Men Round Neck...,shirt,men,529,998.11,469,47.0,4.0,139,17
PUMA, PUMA Solid Men Polo Neck Bl...,shirt,men,999,1998.0,999,50.0,4.1,471,58
PUMA, PUMA Printed Women Polo Nec...,shirt,men,969,1490.77,521,35.0,4.3,35,6
PUMA, PUMA Printed Men Round Neck...,shirt,men,1004,1498.51,494,33.0,4.1,342,34
NIKE, NIKE Solid Men Polo Neck Wh...,shirt,men,1310,1794.52,484,27.0,4.2,126,19
ADIDAS, ADIDAS Solid Men Round Neck...,shirt,men,1049,1589.39,540,34.0,3.3,55,4
M7, M7 By Metronaut Printed Men...,shirt,men,479,997.92,518,52.0,3.8,98,16
REEBOK, REEBOK Sporty Men Round Nec...,shirt,men,599,1497.5,898,60.0,4.2,80,7
REEBOK, REEBOK Solid Men Round Neck...,shirt,men,1499,1499.0,0,0.0,4.4,10,2
Arrow, Arrow Sport Men Printed Cas...,shirt,men,759,1997.37,1238,62.0,4.1,18,2
REEBOK, REEBOK Solid Men Round Neck...,shirt,men,736,1098.51,362,33.0,3.9,671,82
REEBOK, REEBOK Sporty Men Round Nec...,shirt,men,713,1398.04,685,49.0,3.9,99,10
NIKE, NIKE Printed Men Round Neck...,shirt,men,1310,1794.52,484,27.0,4.2,20,2
FILA, FILA Printed Men Polo Neck ...,shirt,men,569,1497.37,928,62.0,4.1,174,13
ADRENEX, ADRENEX Printed Men Round N...,shirt,men,672,1371.43,699,51.0,4.0,19,3
FILA, FILA Self Design Men Polo N...,shirt,men,539,1497.22,958,64.0,4.0,86,10
ADRENEX, ADRENEX Printed Men Round N...,shirt,men,359,897.5,538,60.0,4.0,142,11
asics, asics Solid Men Polo Neck W...,shirt,men,696,1697.56,1001,59.0,4.1,56,8
VAN, VAN HEUSEN SPORT Men Solid ...,shirt,men,1049,1498.57,449,30.0,4.3,109,8
Arrow, Arrow Sport Men Solid Casua...,shirt,men,949,1898.0,949,50.0,4.0,193,20
ADRENEX, ADRENEX Printed Men Round N...,shirt,men,399,997.5,598,60.0,4.3,55,5
ADIDAS, ADIDAS Self Design Men Roun...,shirt,men,794,1498.11,704,47.0,3.9,170,19
ADIDAS, ADIDAS Sporty Men Polo Neck...,shirt,men,1049,1979.25,930,47.0,4.1,173,17
ADIDAS, ADIDAS Printed Men Round Ne...,shirt,men,953,1798.11,845,47.0,4.3,32,4
M7, M7 By Metronaut Graphic Pri...,shirt,men,430,977.27,547,56.0,4.2,138,27
NIKE, NIKE Printed Men Round Neck...,shirt,men,972,1593.44,621,39.0,4.0,26,3
REEBOK, REEBOK Solid Men Round Neck...,shirt,men,1199,1998.33,799,40.0,3.9,62,4
NIKE, NIKE Perforations Men Polo ...,shirt,men,1310,1794.52,484,27.0,3.3,3,1
ADIDAS, ADIDAS Printed Men Round Ne...,shirt,men,1324,2498.11,1174,47.0,4.1,224,16
ADIDAS, ADIDAS Solid Men Round Neck...,shirt,men,1049,1979.25,930,47.0,4.1,63,7
AWG, AWG Solid Men Round Neck Mu...,shirt,men,757,2523.33,1766,70.0,3.7,25265,3641
REEBOK, REEBOK Solid Men Round Neck...,shirt,men,599,1497.5,898,60.0,3.8,100,9
ADIDAS, ADIDAS Color Block Men Polo...,shirt,men,1199,1998.33,799,40.0,4.1,573,70
ADIDAS, ADIDAS Striped Men Round Ne...,shirt,men,937,1398.51,461,33.0,3.8,345,32
PUMA, PUMA Graphic Print Men Roun...,shirt,men,719,1797.5,1078,60.0,3.8,85,7
ADIDAS, ADIDAS Sporty Men Round Nec...,shirt,men,999,2497.5,1498,60.0,3.6,10,1
M7, M7 By Metronaut Graphic Pri...,shirt,men,343,797.67,454,57.0,4.3,358,43
REEBOK, REEBOK Printed Men Round Ne...,shirt,men,674,1497.78,823,55.0,4.0,43,3
ADRENEX, ADRENEX Printed Men Round N...,shirt,men,399,997.5,598,60.0,3.9,144,25
NIKE, NIKE Self Design Men Round ...,shirt,men,1621,2493.85,872,35.0,3.9,75,5
ADIDAS, ADIDAS Printed Men Round Ne...,shirt,men,799,1997.5,1198,60.0,4.2,42,4
ADIDAS, ADIDAS Color Block Men Roun...,shirt,men,999,2497.5,1498,60.0,4.5,15,1
M7, M7 By Metronaut Graphic Pri...,shirt,men,343,797.67,454,57.0,4.3,358,43
ADIDAS, ADIDAS Solid Men Polo Neck ...,shirt,men,1339,1998.51,659,33.0,3.9,90,12
REEBOK, REEBOK Printed Men Round Ne...,shirt,men,674,1497.78,823,55.0,4.0,43,3
REEBOK, REEBOK Solid Men Round Neck...,shirt,men,629,998.41,369,37.0,4.1,534,48
ADIDAS, ADIDAS Solid Men Polo Neck ...,shirt,men,1339,1998.51,659,33.0,3.9,90,12
Wildcraft, Wildcraft Printed Men Round...,shirt,men,429,997.67,568,57.0,4.2,191,25
REEBOK, REEBOK Self Design Men Roun...,shirt,men,509,998.04,489,49.0,4.1,225,20
CHKOKKO, CHKOKKO Solid Men Polo Neck...,shirt,men,609,1194.12,585,49.0,4.0,385,48
NIKE, NIKE Solid Men Round Neck P...,shirt,men,1894,2594.52,700,27.0,3.8,17,2
REEBOK, REEBOK Solid Men Round Neck...,shirt,men,629,998.41,369,37.0,4.1,534,48
PUMA, PUMA Color Block Men Polo N...,shirt,men,1205,1798.51,593,33.0,4.5,53,8
NIKE, NIKE Solid Men Round Neck W...,shirt,men,1237,1694.52,457,27.0,4.2,247,22
PUMA, PUMA Self Design Men Round ...,shirt,men,863,1797.92,934,52.0,4.0,408,46
REEBOK, REEBOK Graphic Print Men Ro...,shirt,men,582,1098.11,516,47.0,4.0,290,24
asics, asics Solid Men Round Neck ...,shirt,men,1299,1299.0,0,0.0,4.7,11,2
ADIDAS, ADIDAS Sports Men Round Nec...,shirt,men,1324,2498.11,1174,47.0,3.9,122,18
REEBOK, REEBOK Solid Men Round Neck...,shirt,men,713,1398.04,685,49.0,3.9,61,6
Arrow, Arrow Sport Men Solid Casua...,shirt,men,759,1997.37,1238,62.0,4.1,42,2
REEBOK, REEBOK Graphic Print Men Ro...,shirt,men,582,1098.11,516,47.0,4.0,290,24
U.S., U.S. POLO ASSN. Printed Men...,shirt,men,1138,1698.51,560,33.0,4.1,11,1
NIKE, NIKE Self Design Men Round ...,shirt,men,1049,1477.46,428,29.0,4.1,35,1
PUMA, PUMA Solid Men Polo Neck Bl...,shirt,men,1049,1777.97,728,41.0,4.0,1227,146
REEBOK, REEBOK Solid Men Round Neck...,shirt,men,736,1098.51,362,33.0,4.2,284,35
ADIDAS, ADIDAS Sporty Men Round Nec...,shirt,men,799,1997.5,1198,60.0,3.7,30,3
ADIDAS, ADIDAS Sporty Men Round Nec...,shirt,men,1049,1979.25,930,47.0,4.1,134,10
ADIDAS, ADIDAS Solid Men Polo Neck ...,shirt,men,1339,1998.51,659,33.0,4.2,26,7
ADIDAS, ADIDAS Sports Men Polo Neck...,shirt,men,900,1698.11,798,47.0,3.9,35,3
NIKE, NIKE Solid Men Round Neck B...,shirt,men,1049,1477.46,428,29.0,3.8,244,24
asics, asics Solid Men Round Neck ...,shirt,men,1299,1299.0,0,0.0,4.7,11,2
Louis, Louis Philippe Sport Men Ch...,shirt,men,1249,2498.0,1249,50.0,4.1,21,4
REEBOK, REEBOK Printed Men Round Ne...,shirt,men,999,2497.5,1498,60.0,3.9,55,7
REEBOK, REEBOK Solid Men Round Neck...,shirt,men,1049,1979.25,930,47.0,4.0,67,6
M7, M7 By Metronaut Solid Men P...,shirt,men,495,1076.09,581,54.0,4.1,127,19
REEBOK, REEBOK Printed Men Round Ne...,shirt,men,999,2497.5,1498,60.0,3.9,55,7
M7, M7 By Metronaut Solid Men P...,shirt,men,495,1076.09,581,54.0,4.1,127,19
Byford, Byford by Pantaloons Printe...,shirt,men,519,798.46,279,35.0,4.0,89,13
ADIDAS, ADIDAS Striped Men Round Ne...,shirt,men,2210,3298.51,1088,33.0,4.3,13,1
UNDER, UNDER ARMOUR Sporty Men Rou...,shirt,men,1724,2298.67,574,25.0,4.6,41,8
ADIDAS, ADIDAS Solid Women Round Ne...,shirt,women,799,1192.54,393,33.0,4.2,68,8
PUMA, PUMA Printed Women Round Ne...,shirt,women,536,1276.19,740,58.0,4.1,71,8
ADIDAS, ADIDAS Solid Women Round Ne...,shirt,women,635,894.37,259,29.0,4.1,697,61
REEBOK, REEBOK Sports Women Round N...,shirt,women,884,892.93,8,1.0,4.4,182,21
Ap'pulse, Ap'pulse Solid Women V Neck...,shirt,women,629,1747.22,1118,64.0,4.2,3156,454
PUMA, PUMA Solid Women Polo Neck ...,shirt,women,1499,1499.0,0,0.0,3.9,25,3
MODEVE, MODEVE Graphic Print Women ...,shirt,women,719,1382.69,663,48.0,4.2,8116,1120
ADIDAS, ADIDAS Solid Women Round Ne...,shirt,women,887,1385.94,498,36.0,4.1,76,8
MODEVE, MODEVE Printed Women Round ...,shirt,women,539,998.15,459,46.0,4.1,489,82
PUMA, PUMA Solid Women Round Neck...,shirt,women,553,1286.05,733,57.0,3.9,482,45
ADIDAS, ADIDAS Solid Women Round Ne...,shirt,women,882,1191.89,309,26.0,4.3,49,3
PUMA, PUMA Printed Women Round Ne...,shirt,women,804,1296.77,492,38.0,4.2,389,34
Ap'pulse, Ap'pulse Solid Women Round ...,shirt,women,359,797.78,438,55.0,4.3,142,18
New, New Balance Printed Women R...,shirt,women,1013,2470.73,1457,59.0,4.4,23,1
PUMA, PUMA Solid Women Round Neck...,shirt,women,937,1767.92,830,47.0,4.3,53,7
asics, asics Solid Women Round Nec...,shirt,women,1397,1995.71,598,30.0,4.5,13,1
ADIDAS, ADIDAS Solid Women Round Ne...,shirt,women,1599,1599.0,0,0.0,4.1,14,1
NIKE, NIKE Printed Women Round Ne...,shirt,women,1470,1484.85,14,1.0,4.2,18,4
Ap'pulse, Ap'pulse Solid Women Round ...,shirt,women,359,997.22,638,64.0,4.0,135,13
Ap'pulse, Ap'pulse Solid Women Round ...,shirt,women,521,1042.0,521,50.0,4.1,6206,856
NIKE, NIKE Printed Women Round Ne...,shirt,women,1049,1477.46,428,29.0,4.3,12,2
ADIDAS, ADIDAS Solid Women Round Ne...,shirt,women,627,895.71,268,30.0,4.1,772,63
Ap'pulse, Ap'pulse Solid Women Round ...,shirt,women,296,528.57,232,44.0,4.1,3905,525
REEBOK, REEBOK Self Design Women Ro...,shirt,women,1154,1697.06,543,32.0,4.9,9,2
ADIDAS, ADIDAS Printed Women Round ...,shirt,women,1275,1287.88,12,1.0,4.1,29,2
Ajile, Ajile By Pantaloons Solid W...,shirt,women,324,498.46,174,35.0,4.2,292,27
NIKE, NIKE Perforations Women Rou...,shirt,women,1695,1695.0,0,0.0,3.8,18,1
ADIDAS, ADIDAS Printed Women Round ...,shirt,women,963,1481.54,518,35.0,4.2,17,1
REEBOK, REEBOK Printed Women Round ...,shirt,women,1411,2939.58,1528,52.0,4.1,13,2
Ajile, Ajile By Pantaloons Printed...,shirt,women,454,698.46,244,35.0,4.2,93,12
PUMA, PUMA Solid Women Round Neck...,shirt,women,683,1484.78,801,54.0,4.2,199,23
REEBOK, REEBOK Sporty Women Round N...,shirt,women,939,1490.48,551,37.0,4.3,11,1
CHKOKKO, CHKOKKO Self Design Women R...,shirt,women,449,997.78,548,55.0,3.8,249,44
ADIDAS, ADIDAS Solid Women Round Ne...,shirt,women,817,1571.15,754,48.0,4.2,115,14
MODEVE, MODEVE Printed Women Round ...,shirt,women,799,1377.59,578,42.0,4.2,11118,1637
MODEVE, MODEVE Graphic Print Women ...,shirt,women,799,1377.59,578,42.0,4.2,8116,1120
Wildcraft, Wildcraft Solid Women Round...,shirt,women,567,1181.25,614,52.0,4.3,146,15
Lovable, Lovable Solid Women V Neck ...,shirt,women,335,418.75,83,20.0,4.3,22,2
PUMA, PUMA Solid Women Round Neck...,shirt,women,730,1489.8,759,51.0,4.0,80,8
CHKOKKO, CHKOKKO Solid Women Round N...,shirt,women,449,1181.58,732,62.0,4.0,282,34
CHKOKKO, CHKOKKO Solid Women Round N...,shirt,women,549,1193.48,644,54.0,4.0,409,49
69GAL, 69GAL Printed Women Round N...,shirt,women,768,1280.0,512,40.0,4.0,159,23
ADIDAS, ADIDAS Solid Women Polo Nec...,shirt,women,1092,1495.89,403,27.0,3.8,36,4
Clovia, Clovia Typography Women Rou...,shirt,women,431,897.92,466,52.0,4.5,12,1
JOCKEY, JOCKEY Solid Women Round Ne...,shirt,women,479,479.0,0,0.0,4.3,518,60
HRX, HRX by Hrithik Roshan Strip...,shirt,women,317,1174.07,857,73.0,4.2,17,3
HRX, HRX by Hrithik Roshan Solid...,shirt,women,485,989.8,504,51.0,4.4,7,1
Ap'pulse, Ap'pulse Solid Women Round ...,shirt,women,359,997.22,638,64.0,4.0,135,13
REEBOK, REEBOK Solid Women Round Ne...,shirt,women,1037,1481.43,444,30.0,4.1,106,5
ALCIS, ALCIS Solid Women Round Nec...,shirt,women,450,882.35,432,49.0,4.4,17,7
MODEVE, MODEVE Graphic Print Women ...,shirt,women,799,1377.59,578,42.0,4.2,8116,1120
NIKE, NIKE Printed Women Round Ne...,shirt,women,1230,1983.87,753,38.0,4.7,29,5
Clovia, Clovia Solid Women Round Ne...,shirt,women,315,984.38,669,68.0,4.1,27,4
New, New Balance Solid Women Rou...,shirt,women,898,1995.56,1097,55.0,3.6,5,1
PUMA, PUMA Solid Women Round Neck...,shirt,women,1408,1497.87,89,6.0,4.0,80,8
PUMA, PUMA Printed Women Round Ne...,shirt,women,1055,1788.14,733,41.0,3.8,60,9
Ap'pulse, Ap'pulse Solid Women High N...,shirt,women,359,797.78,438,55.0,4.2,108,21
D-passion, D-passion Printed Women Rou...,shirt,women,399,798.0,399,50.0,3.4,17,2
UNDER, UNDER ARMOUR Solid Women Po...,shirt,women,1931,3940.82,2009,51.0,4.6,10,1
NIKE, NIKE Printed Women Round Ne...,shirt,women,825,1964.29,1139,58.0,4.4,13,1
PEOPLE, PEOPLE Solid Women Round Ne...,shirt,women,440,785.71,345,44.0,4.0,156,12
DSWS, DSWS Solid Women Scoop Neck...,shirt,women,299,786.84,487,62.0,4.2,6,1
REEBOK, REEBOK Self Design Women Ro...,shirt,women,1483,2180.88,697,32.0,4.3,7,1
NIKE, NIKE Printed Women Round Ne...,shirt,women,1749,2776.19,1027,37.0,4.4,18,3
kipa, kipa Sporty Women Round Nec...,shirt,women,299,786.84,487,62.0,3.9,124,16
JOCKEY, JOCKEY Solid Women V Neck B...,shirt,women,479,515.05,36,7.0,4.3,826,81
LAYA, LAYA Solid Women Round Neck...,shirt,women,349,742.55,393,53.0,4.0,1304,143
PUMA, PUMA Printed Women Round Ne...,shirt,women,609,1087.5,478,44.0,4.1,54,2
Ap'pulse, Ap'pulse Solid Women Henley...,shirt,women,539,1585.29,1046,66.0,4.3,264,38
FILA, FILA Printed Women Round Ne...,shirt,women,1398,2588.89,1190,46.0,4.0,18,2
PEOPLE, PEOPLE Solid Women Round Ne...,shirt,women,440,785.71,345,44.0,4.0,156,12
DSWS, DSWS Solid Women Scoop Neck...,shirt,women,299,786.84,487,62.0,4.2,6,1
NIKE, NIKE Printed Women Round Ne...,shirt,women,1749,2776.19,1027,37.0,4.4,18,3
PUMA, PUMA Printed Women Round Ne...,shirt,women,609,1087.5,478,44.0,4.1,54,2
PUMA, PUMA Solid Women Round Neck...,shirt,women,790,1490.57,700,47.0,4.0,80,8
Ap'pulse, Ap'pulse Solid Women Henley...,shirt,women,359,797.78,438,55.0,4.2,1659,238
NIKE, NIKE Self Design Women Roun...,shirt,women,752,1392.59,640,46.0,4.0,70,8
S-BEAST, S-BEAST Sporty Women Round ...,shirt,women,364,983.78,619,63.0,4.3,3,2
ALCIS, ALCIS Solid Women Polo Neck...,shirt,women,479,798.33,319,40.0,4.0,105,9
ALCIS, ALCIS Printed Women Round N...,shirt,women,750,1470.59,720,49.0,4.2,9,1
REEBOK, REEBOK Self Design Women Ro...,shirt,women,649,998.46,349,35.0,4.4,44,5
Zelocity, Zelocity by Zivame Solid Wo...,shirt,women,626,894.29,268,30.0,3.5,4,1
PUMA, PUMA Printed Women Round Ne...,shirt,women,565,1284.09,719,56.0,3.9,30,5
REEBOK, REEBOK Self Design Women Ro...,shirt,women,1290,1984.62,694,35.0,4.7,3,1
REEBOK, REEBOK Printed Women Round ...,shirt,women,736,1472.0,736,50.0,4.3,120,7
Ap'pulse, Ap'pulse Solid Women Round ...,shirt,women,539,1585.29,1046,66.0,4.3,695,104
IAD, IAD Stylez Solid Women Roun...,shirt,women,399,687.93,288,42.0,4.1,128,15
Ap'pulse, Ap'pulse Solid Women Henley...,shirt,women,359,797.78,438,55.0,4.2,1659,238
BLACK, BLACK PANTHER Solid Women V...,shirt,women,319,398.75,79,20.0,4.3,12,1
PUMA, PUMA Solid Women Round Neck...,shirt,women,1766,1783.84,17,1.0,4.2,5,2
Lee," Lee Topper Retro Square, Sp...",glasses,men,389,1296.67,907,70.0,4.1,897,186
ADRENEX, ADRENEX Sports Sunglasses,glasses,men,629,2995.24,2366,79.0,3.6,48,6
reavtek, reavtek Wrap-around Sunglas...,glasses,men,175,795.45,620,78.0,3.5,130,12
VAST," VAST Round, Spectacle  Sung...",glasses,men,799,2959.26,2160,73.0,3.1,10,3
PC, PC STAR Round Sunglasses,glasses,men,161,947.06,786,83.0,4.0,5,1
De-Ultimate, De-Ultimate Sports Sunglass...,glasses,men,295,398.65,103,26.0,3.7,20,1
Style, Style Eva Sports Sunglasses,glasses,men,399,997.5,598,60.0,3.8,13,2
GANSTA, GANSTA Aviator Sunglasses,glasses,men,395,2468.75,2073,84.0,3.9,18,4
VAST," VAST Round, Spectacle  Sung...",glasses,men,799,2959.26,2160,73.0,3.1,10,3
funglasses, funglasses Sports Sunglasse...,glasses,men,149,993.33,844,85.0,3.5,22,3
Stysol," Stysol Clubmaster, Round Su...",glasses,men,351,688.24,337,49.0,3.6,703,92
D-Patron," D-Patron Sports, Spectacle ...",glasses,men,599,2218.52,1619,73.0,4.1,43,6
VAST," VAST Round, Spectacle  Sung...",glasses,men,799,2959.26,2160,73.0,3.1,10,3
PC, PC STAR Retro Square Sungla...,glasses,men,305,983.87,678,69.0,4.5,11,3
PC, PC STAR Rectangular Sunglas...,glasses,men,632,1469.77,837,57.0,4.0,2,2
NuVew, NuVew Sports Sunglasses,glasses,men,238,767.74,529,69.0,3.7,1628,204
Irayz, Irayz Sports Sunglasses,glasses,men,349,997.14,648,65.0,4.0,11,2
NuVew, NuVew Sports Sunglasses,glasses,men,345,907.89,562,62.0,3.6,1947,281
Dannilo, Dannilo Sports Sunglasses,glasses,men,320,969.7,649,67.0,3.4,16,3
GLAND, GLAND Sports Sunglasses,glasses,men,179,1052.94,873,83.0,3.9,57,11
VAST," VAST Round, Spectacle  Sung...",glasses,men,799,2959.26,2160,73.0,3.1,10,3
ADRENEX, ADRENEX Sports Sunglasses,glasses,men,629,2995.24,2366,79.0,3.5,62,8
NuVew, NuVew Sports Sunglasses,glasses,men,298,903.03,605,67.0,3.6,1947,281
SHREE, SHREE EXIM Sports Sunglasse...,glasses,men,269,548.98,279,51.0,3.2,6,1
ADRENEX, ADRENEX Sports Sunglasses,glasses,men,629,2995.24,2366,79.0,3.5,4,2
eyevy, eyevy Sports Sunglasses,glasses,men,197,492.5,295,60.0,3.6,27,5
TOUCH, TOUCH OF FINE Sports Sungla...,glasses,men,159,496.88,337,68.0,3.7,3,1
eyevy," eyevy Wayfarer, Retro Squar...",glasses,men,219,995.45,776,78.0,4.0,174,17
Skyways, Skyways Wayfarer Sunglasses,glasses,men,199,737.04,538,73.0,3.5,451,34
VAST," VAST Round, Spectacle , Spo...",glasses,men,799,2959.26,2160,73.0,3.1,10,3
ADRENEX, ADRENEX Sports Sunglasses,glasses,men,629,2995.24,2366,79.0,3.6,48,6
VAST," VAST Round, Spectacle  Sung...",glasses,men,799,2959.26,2160,73.0,3.1,10,3
Oneclickshopping, Oneclickshopping Sports Sun...,glasses,men,699,1294.44,595,46.0,3.5,11,3
AISLIN, AISLIN Sports Sunglasses,glasses,men,698,2792.0,2094,75.0,4.0,3,3
hipe," hipe Round, Sports Sunglass...",glasses,men,154,1400.0,1246,89.0,3.7,6,2
VAST," VAST Round, Spectacle  Sung...",glasses,men,799,2959.26,2160,73.0,3.1,10,3
Skyways, Skyways Wayfarer Sunglasses,glasses,men,175,795.45,620,78.0,3.5,451,34
Oneclickshopping, Oneclickshopping Sports Sun...,glasses,men,699,1294.44,595,46.0,3.5,11,3
ADRENEX, ADRENEX Sports Sunglasses,glasses,men,629,2995.24,2366,79.0,3.6,48,6
hipe," hipe Round, Sports Sunglass...",glasses,men,154,1400.0,1246,89.0,3.7,6,2
VAST, VAST Sports Sunglasses,glasses,men,365,1659.09,1294,78.0,3.3,26,5
MOISH, MOISH Sports Sunglasses,glasses,men,328,1171.43,843,72.0,3.2,19,3
Arzonai, Arzonai Sports Sunglasses,glasses,men,220,1294.12,1074,83.0,3.5,28,6
SBE, SBE Sports Sunglasses,glasses,men,349,498.57,149,30.0,3.9,153,35
layd, layd Sports Sunglasses,glasses,men,221,960.87,739,77.0,3.7,38,3
VAST, VAST Sports Sunglasses,glasses,men,365,1659.09,1294,78.0,3.3,26,5
VAST," VAST Round, Spectacle  Sung...",glasses,men,799,2959.26,2160,73.0,3.1,10,3
TheWhoop," TheWhoop Sports, Wrap-aroun...",glasses,men,235,1068.18,833,78.0,4.0,7,2
Johaena, Johaena Sports Sunglasses,glasses,men,179,994.44,815,82.0,3.8,1452,174
eyevy," eyevy Wayfarer, Rectangular...",glasses,men,219,995.45,776,78.0,3.8,11,1
VAST," VAST Round, Spectacle  Sung...",glasses,men,799,2959.26,2160,73.0,3.1,10,3
Xenops," Xenops Clubmaster, Oval, Re...",glasses,men,229,995.65,766,77.0,3.6,8,2
Mango, Mango People Sports Sunglas...,glasses,men,284,591.67,307,52.0,3.7,7,1
eyevy," eyevy Wayfarer, Rectangular...",glasses,men,219,995.45,776,78.0,3.8,11,1
Rich," Rich Club Rectangular, Wayf...",glasses,men,416,990.48,574,58.0,3.1,68,15
Mundkar," Mundkar Oval, Aviator, Wrap...",glasses,men,244,497.96,253,51.0,3.3,35,3
Freny," Freny Exim Retro Square, Wa...",glasses,men,299,1495.0,1196,80.0,3.6,14,2
VAST," VAST Round, Spectacle  Sung...",glasses,men,799,2959.26,2160,73.0,3.1,10,3
Dannilo, Dannilo Sports Sunglasses,glasses,men,180,947.37,767,81.0,3.7,62,10
Blue, Blue Tuff Sports Sunglasses,glasses,men,149,496.67,347,70.0,3.8,6,1
VAST," VAST Round, Spectacle  Sung...",glasses,men,799,2959.26,2160,73.0,3.1,10,3
eyevy," eyevy Aviator, Wayfarer, Ov...",glasses,men,273,975.0,702,72.0,3.6,35,6
maxa," maxa Rectangular, Wayfarer,...",glasses,men,167,795.24,628,79.0,3.4,147,21
CRIBA," CRIBA Wayfarer, Aviator, Sp...",glasses,men,290,878.79,588,67.0,3.2,5,1
VAST," VAST Sports, Wrap-around Su...",glasses,men,550,1571.43,1021,65.0,3.5,464,61
NIKE, NIKE Training & Gym Shoes F...,shoes,women,3358,5416.13,2058,38.0,4.3,108,17
VENDOZ, VENDOZ Girls Stylish Casual...,shoes,women,599,998.33,399,40.0,4.0,1344,164
PUMA, PUMA Zod Runner V3 Wn s IDP...,shoes,women,1399,3997.14,2598,65.0,4.3,4557,486
Longwalk, Longwalk Comfortable Stylis...,shoes,women,449,997.78,548,55.0,4.1,5898,866
NIKE, NIKE Revolution 5 Running S...,shoes,women,2350,3671.88,1321,36.0,4.4,702,83
PUMA, PUMA Supernal v2 Wn s IDP R...,shoes,women,1675,3489.58,1814,52.0,4.3,169,26
PUMA, PUMA Softride Sophia ECO Wn...,shoes,women,2896,4993.1,2097,42.0,4.4,7,1
MILESWALKER, MILESWALKER Running Shoes F...,shoes,women,489,997.96,508,51.0,4.0,912,104
FLEXIFEET, FLEXIFEET Walking Shoes For...,shoes,women,375,986.84,611,62.0,4.4,29,5
ADIDAS, ADIDAS Soar W Running Shoes...,shoes,women,1806,3541.18,1735,49.0,4.1,56,5
PUMA, PUMA Pacific Maze Wn s IDP ...,shoes,women,1905,3968.75,2063,52.0,4.4,76,9
SPARX, SPARX Sports Walking Shoes ...,shoes,women,756,889.41,133,15.0,4.3,795,111
SPARX, SPARX SL-168 Running Shoes ...,shoes,women,899,998.89,99,10.0,4.2,448,64
LoveHush," LoveHush Running,Walking, S...",shoes,women,436,990.91,554,56.0,4.1,2890,403
NIKE, NIKE Nike Revolution 5 PRM ...,shoes,women,2258,3641.94,1383,38.0,4.5,42,4
PUMA, PUMA Cell Fraction Wn s Run...,shoes,women,5894,5953.54,59,1.0,3.6,8,1
Skechers, Skechers Go Run 600 - Refin...,shoes,women,2122,4934.88,2812,57.0,4.4,680,74
CAMPUS, CAMPUS LISA (N) Running Sho...,shoes,women,699,743.62,44,6.0,4.2,247,31
PUMA, PUMA Dwane Wn s IDP Running...,shoes,women,1399,3997.14,2598,65.0,4.3,1762,211
Creattoes, Creattoes Comfortable and S...,shoes,women,478,995.83,517,52.0,4.1,864,116
Shozie, Shozie Walking Shoes For Wo...,shoes,women,449,997.78,548,55.0,3.8,14765,1994
REEBOK, REEBOK Reebok Revolution TR...,shoes,women,1047,2094.0,1047,50.0,4.2,42,9
ADIDAS, ADIDAS LITE RACER 2.0 Runni...,shoes,women,2070,3980.77,1910,48.0,4.3,29,3
RINDAS, RINDAS Walking Shoes For Wo...,shoes,women,498,996.0,498,50.0,4.4,1315,225
NIKE, NIKE Air Zoom Winflo Runnin...,shoes,women,4885,7879.03,2994,38.0,4.7,12,4
NIKE, NIKE Wmns Downshifter 9 Run...,shoes,women,2065,3971.15,1906,48.0,4.4,1634,210
ASIAN, ASIAN Angel-04 Casual sneak...,shoes,women,499,998.0,499,50.0,4.0,10081,1555
SPARX, SPARX SL-172 Walking Shoes ...,shoes,women,690,793.1,103,13.0,4.2,516,75
PUMA, PUMA Concave 3 MU Slip-On W...,shoes,women,1780,3787.23,2007,53.0,4.4,217,28
TECHNOFIT, TECHNOFIT Women's White Mes...,shoes,women,589,998.31,409,41.0,4.2,15251,2278
NIKE, NIKE Running Shoes For Wome...,shoes,women,2907,4927.12,2020,41.0,4.3,219,26
Skechers, Skechers SOLAR FUSE - BRIGH...,shoes,women,3599,5998.33,2399,40.0,4.2,192,27
ASIAN, ASIAN Fashion-02 sports sho...,shoes,women,649,998.46,349,35.0,4.1,4766,750
Footox, Footox Running Shoes For Wo...,shoes,women,599,1996.67,1397,70.0,4.0,234,34
NIKE, NIKE Nike City Trainer 2Wom...,shoes,women,2713,5217.31,2504,48.0,3.8,30,5
CAMPUS, CAMPUS ALICE Running Shoes ...,shoes,women,1299,1299.0,0,0.0,4.3,2410,375
NIKE, NIKE WMNS CITY TRAINER Trai...,shoes,women,2409,4916.33,2507,51.0,4.2,308,43
SUKUN, SUKUN Walking Shoes For Wom...,shoes,women,499,998.0,499,50.0,4.0,16774,2152
SPARX, SPARX SL-168 Running Shoes ...,shoes,women,940,989.47,49,5.0,4.2,448,64
ASIAN, ASIAN Asian sports shoes fo...,shoes,women,999,1884.91,885,47.0,4.1,231,30
Myshtezia, Myshtezia Walking Shoes For...,shoes,women,345,985.71,640,65.0,4.0,198,30
SHOETOPIA, SHOETOPIA Walking Shoes Run...,shoes,women,499,998.0,499,50.0,4.2,107,18
PUMA, PUMA Max Wn s IDP Running S...,shoes,women,1651,3439.58,1788,52.0,4.2,345,46
SPARX, SPARX Running Shoes For Wom...,shoes,women,679,692.86,13,2.0,4.3,7683,1058
CAMPUS, CAMPUS DRAGON LADIES Runnin...,shoes,women,1359,1698.75,339,20.0,4.1,702,84
Skechers, Skechers GO FLEX MAX Walkin...,shoes,women,3000,5882.35,2882,49.0,4.4,304,38
CAMPUS, CAMPUS PERRY (L) Running Sh...,shoes,women,699,699.0,0,0.0,4.1,1862,295
asics, asics JOLT 3 Running Shoes ...,shoes,women,2250,4411.76,2161,49.0,4.2,21,2
ASIAN, ASIAN Barfi-02 Pink Casual ...,shoes,women,364,498.63,134,27.0,3.9,6800,974
Skechers, Skechers Go Walk Lite - Cha...,shoes,women,3099,4998.39,1899,38.0,4.3,326,25
Skechers, Skechers GO FLEX MAX Walkin...,shoes,women,3000,5882.35,2882,49.0,4.4,304,38
SPARX, SPARX Running Shoes For Wom...,shoes,women,872,1038.1,166,16.0,4.3,559,86
PUMA, PUMA Radiate XT Jelly Wn s ...,shoes,women,1582,3955.0,2373,60.0,4.3,48,7
ADIDAS, ADIDAS Contem X W Walking S...,shoes,women,2137,3561.67,1424,40.0,4.7,34,2
CAMPUS, CAMPUS JESSICA Running Shoe...,shoes,women,849,893.68,44,5.0,4.2,2446,375
BELLA, BELLA TOES Stylish Sneakers...,shoes,women,599,998.33,399,40.0,4.1,37,3
asics, asics TARTHER OG Running Sh...,shoes,women,2496,5942.86,3446,58.0,4.1,89,7
PUMA, PUMA ST Activate Running Sh...,shoes,women,1672,2786.67,1114,40.0,4.5,130,23
PUMA, PUMA Floral IDP Running Sho...,shoes,women,1535,4385.71,2850,65.0,4.2,1039,132
SPARX, SPARX Running Shoes For Wom...,shoes,women,865,1042.17,177,17.0,4.5,26,2
PUMA, PUMA Vega Sweet MU IDP Walk...,shoes,women,1681,3430.61,1749,51.0,4.1,252,32
HimQuen, HimQuen Shoe for Women/Girl...,shoes,women,472,983.33,511,52.0,4.0,271,43
asics, asics JOLT 2 Running Shoes ...,shoes,women,2250,4411.76,2161,49.0,4.4,431,56
ADIDAS, ADIDAS CF LITE RACER CLN W ...,shoes,women,2269,4538.0,2269,50.0,4.7,32,1
Longwalk, Longwalk Comfortable Stylis...,shoes,women,499,998.0,499,50.0,4.1,305,44
Skechers, Skechers ARCH FIT - SUNNY O...,shoes,women,5499,5499.0,0,0.0,4.3,121,17
PUMA, PUMA Trenzo Wn s II IDP Tra...,shoes,women,1435,2989.58,1554,52.0,4.3,307,44
NIKE, NIKE Air Zoom Winflo Runnin...,shoes,women,4885,7879.03,2994,38.0,4.7,12,4
NIKE, NIKE Downshifter 9 Running ...,shoes,women,1909,3977.08,2068,52.0,4.3,514,90
ADIDAS, ADIDAS HYPERON W Running Sh...,shoes,women,1475,2950.0,1475,50.0,4.6,16,1
Earth, Earth Step Women Stylish Fa...,shoes,women,454,986.96,532,54.0,4.1,110,22
PUMA, PUMA Concave 2 Wn s IDP Run...,shoes,women,1849,3934.04,2085,53.0,4.3,409,51
CAMPUS, CAMPUS LISA PRO V Running S...,shoes,women,679,692.86,13,2.0,4.4,82,13
SPARX, SPARX Sports Running Shoes ...,shoes,women,875,1041.67,166,16.0,4.4,1391,240
REEBOK, REEBOK SPEEDLUX 3.0 Running...,shoes,women,1877,5072.97,3195,63.0,4.1,266,34
KLICKER, KLICKER Wonder Women Flex L...,shoes,women,557,1591.43,1034,65.0,4.2,2717,408
Elevarse, Elevarse Stylish Sports & R...,shoes,women,429,794.44,365,46.0,3.7,54,4
REEBOK, REEBOK STUDIO WORKOUT LP Ru...,shoes,women,1509,3772.5,2263,60.0,4.3,114,10
asics, asics Fit Sana 4 Running Sh...,shoes,women,1959,4897.5,2938,60.0,3.9,226,24
NIKE, NIKE Nike Downshifter 10 Wo...,shoes,women,2593,3989.23,1396,35.0,4.4,714,96
Bata, Bata Running Shoes For Wome...,shoes,women,1049,1498.57,449,30.0,4.3,72,12
NIKE, NIKE Flex RN 2019 Running S...,shoes,women,3290,6854.17,3564,52.0,4.2,46,3
ADIDAS, ADIDAS QUESTAR FLOW Running...,shoes,women,3422,6580.77,3158,48.0,3.9,8,2
REEBOK, REEBOK CLASSICS ROYALCLJOG2...,shoes,women,2008,4897.56,2889,59.0,3.7,38,2
PUMA, PUMA Minima Wn s Running Sh...,shoes,women,3104,6466.67,3362,52.0,5.0,5,2
SPARX, SPARX SL-83 Walking Shoes F...,shoes,women,764,898.82,134,15.0,4.1,3789,544
NIKE, NIKE Running Shoes For Wome...,shoes,women,3164,6457.14,3293,51.0,3.9,18,2
CAMPUS, CAMPUS PERRY (L) Running Sh...,shoes,women,699,699.0,0,0.0,4.1,1862,295
PUMA, PUMA Running Shoes For Wome...,shoes,women,5499,5499.0,0,0.0,4.0,8,2
NIKE, NIKE Wmns Renew Arena Spt R...,shoes,women,3001,5884.31,2883,49.0,4.0,29,4
PUMA, PUMA H.ST.20 METAL Wn s Run...,shoes,women,4218,7400.0,3182,43.0,4.3,22,2
SPARX, SPARX SL-83 Walking Shoes F...,shoes,women,764,898.82,134,15.0,4.1,3789,544
VENDOZ, VENDOZ Girls Stylish Casual...,shoes,women,599,998.33,399,40.0,4.1,606,82
NIKE, NIKE Running Shoes For Wome...,shoes,women,2738,5476.0,2738,50.0,4.0,115,15
SPARX, SPARX SL-172 Women Walking ...,shoes,women,739,890.36,151,17.0,4.3,1308,198
CAMPUS, CAMPUS BLISS Running Shoes ...,shoes,women,1799,1799.0,0,0.0,4.8,5,3
Skechers, Skechers DYNAMIGHT 2.0 - QU...,shoes,women,2469,3798.46,1329,35.0,4.5,373,43
ADIDAS, ADIDAS ARCADEIS W Running S...,shoes,women,1832,4260.47,2428,57.0,4.3,105,12
ADIDAS, ADIDAS QUESTAR RIDE Running...,shoes,women,3827,6598.28,2771,42.0,4.3,63,5
3SIX5, 3SIX5 Comfortable Stylish L...,shoes,women,449,997.78,548,55.0,4.0,375,58
Shozie, Shozie Running Shoes For Wo...,shoes,women,429,997.67,568,57.0,3.5,36,5
SWIGGY, SWIGGY Sports Running shoes...,shoes,women,525,990.57,465,47.0,4.0,135,23
CAMPUS, CAMPUS BLISS Running Shoes ...,shoes,women,1699,1788.42,89,5.0,4.8,5,3
REEBOK, REEBOK CL LTHR Running Shoe...,shoes,women,2973,7432.5,4459,60.0,3.6,15,2
NIKE, NIKE Air Zoom Winflo Runnin...,shoes,women,4885,7879.03,2994,38.0,4.7,12,4
PUMA, PUMA Hybrid NX Ozone Wn s R...,shoes,women,3999,7998.0,3999,50.0,4.5,18,5
ADIDAS, ADIDAS LITE RACER CLN Runni...,shoes,women,2849,4998.25,2149,43.0,4.3,33,6
RED, RED TAPE Walking Shoes For ...,shoes,women,1409,4696.67,3287,70.0,4.3,384,59
CAMPUS, CAMPUS NOOR PLUS Running Sh...,shoes,women,749,796.81,47,6.0,4.2,143,26
CAMPUS, CAMPUS ALEXA Running Shoes ...,shoes,women,1410,1698.8,288,17.0,4.3,3036,500
WRIZT, WRIZT Fashion Shoes for Gir...,shoes,women,449,997.78,548,55.0,4.2,29,4
CAMPUS, CAMPUS KATE Running Shoes F...,shoes,women,699,998.57,299,30.0,4.1,302,54
Skechers, Skechers ENVY - MISSTEP Run...,shoes,women,2172,4432.65,2260,51.0,4.4,410,57
UNDER, UNDER ARMOUR UA W Charged B...,shoes,women,3279,7997.56,4718,59.0,4.7,7,1
CAMPUS, CAMPUS PERRY (L) Running Sh...,shoes,women,699,699.0,0,0.0,4.1,1862,295
REEBOK, REEBOK CLASSICS CLUB C 85 R...,shoes,women,2089,5968.57,3879,65.0,4.4,69,14
Global," Global India Training ,Walk...",shoes,women,465,1550.0,1085,70.0,3.8,1427,199
CAMPUS, CAMPUS DRAGON LADIES Runnin...,shoes,women,1359,1698.75,339,20.0,4.1,702,84
WRIZT," WRIZT Girls Running, Walkin...",shoes,women,449,997.78,548,55.0,3.8,337,51
PUMA, PUMA ST Activate Running Sh...,shoes,women,1909,2766.67,857,31.0,4.5,130,23
RAKREY, RAKREY CRYSTAL MOSY Casuals...,shoes,women,499,998.0,499,50.0,4.1,80,7
Dewizle, Dewizle Running Shoes For W...,shoes,women,399,997.5,598,60.0,3.8,52,9
WRIZT," WRIZT Girls Running, Walkin...",shoes,women,449,997.78,548,55.0,3.8,337,51
NIKE, NIKE WMNS NIKE FREE TR 7 MT...,shoes,women,4077,8674.47,4597,53.0,3.9,38,1
NIKE, NIKE WMNS NIKE CITY TRAINER...,shoes,women,2604,4913.21,2309,47.0,4.4,30,5
WellFitLook, WellFitLook Cool TrackPant ...,lower,men,1193,1988.33,795,40.0,3.6,84,14
VIMAL, VIMAL JONNEY Solid Men Mult...,lower,men,867,1769.39,902,51.0,3.7,652,92
VIMAL, VIMAL JONNEY Ultra Solid Me...,lower,men,536,893.33,357,40.0,3.7,15435,2219
Young, Young trendz Varsity Men Ma...,lower,men,474,1481.25,1007,68.0,3.6,1674,205
NIKLY, NIKLY Printed Men Black Tra...,lower,men,394,985.0,591,60.0,4.0,4,1
Wildcraft, Wildcraft Solid Men Black T...,lower,men,1039,1598.46,559,35.0,3.6,228,26
VIMAL, VIMAL JONNEY Solid Men Dark...,lower,men,536,893.33,357,40.0,3.8,886,128
WellFitLook, WellFitLook Solid Men Dark ...,lower,men,560,767.12,207,27.0,3.2,2874,437
VIMAL, VIMAL JONNEY Ultra Varsity ...,lower,men,536,893.33,357,40.0,3.7,15436,2219
HRX, HRX by Hrithik Roshan Solid...,lower,men,841,1378.69,537,39.0,4.0,167,19
VIMAL, VIMAL JONNEY Solid Men Mult...,lower,men,867,2796.77,1929,69.0,3.5,432,63
Young, Young trendz Printed Men Ma...,lower,men,474,1481.25,1007,68.0,3.6,346,49
Young, Young trendz Solid Men Maro...,lower,men,779,2360.61,1581,67.0,3.5,1309,159
Christy, Christy World Printed Men B...,lower,men,699,1487.23,788,53.0,3.7,1044,152
VIMAL, VIMAL JONNEY Printed Men Mu...,lower,men,867,1769.39,902,51.0,3.9,219,30
status, status quo Solid Men Dark B...,lower,men,898,898.0,0,0.0,3.9,30,3
Hubberholme, Hubberholme Solid Men White...,lower,men,399,997.5,598,60.0,3.6,751,83
TSx, TSx Printed Men Grey Track ...,lower,men,284,1494.74,1210,81.0,3.4,26,4
JOCKEY, JOCKEY Varsity Men Black Tr...,lower,men,799,799.0,0,0.0,4.2,8515,782
SAPPER, SAPPER Camouflage Men Multi...,lower,men,1299,1779.45,480,27.0,4.0,1090,134
status, status quo Solid Men Dark B...,lower,men,898,898.0,0,0.0,3.9,30,3
EDGGE, EDGGE SPORT Solid Men Blue ...,lower,men,475,931.37,456,49.0,3.9,16,4
SURLY, SURLY Varsity Men Black Tra...,lower,men,592,1557.89,965,62.0,3.9,84,14
Zesteez, Zesteez Self Design Men Gre...,lower,men,449,1122.5,673,60.0,3.8,389,48
HRX, HRX by Hrithik Roshan Solid...,lower,men,841,1378.69,537,39.0,4.0,167,19
TRUE, TRUE INDIAN Solid Men Dark ...,lower,men,429,794.44,365,46.0,4.0,128,16
VIMAL, VIMAL JONNEY Color Block Me...,lower,men,1135,2639.53,1504,57.0,3.8,1208,199
Santa, Santa Monica Solid Men Grey...,lower,men,1499,2998.0,1499,50.0,4.4,30,6
star, star face collection Stripe...,lower,men,449,997.78,548,55.0,4.3,14,1
HRX, HRX by Hrithik Roshan Solid...,lower,men,841,1378.69,537,39.0,4.0,167,19
Sport, Sport Sun Self Design Men G...,lower,men,899,1096.34,197,18.0,4.4,11,1
CLITHS," CLITHS Solid Men Black, Gre...",lower,men,1289,2997.67,1708,57.0,3.7,280,37
Teesort, Teesort Color Block Men Mul...,lower,men,426,1638.46,1212,74.0,3.8,82,9
SHELLOCKS, SHELLOCKS Solid Men Brown T...,lower,men,625,946.97,321,34.0,3.9,352,47
Santa, Santa Monica Solid Men Grey...,lower,men,1499,2998.0,1499,50.0,4.2,36,7
Hubberholme, Hubberholme Solid Men Dark ...,lower,men,499,998.0,499,50.0,3.7,61,6
Finz, Finz Air Solid Men Black Tr...,lower,men,339,997.06,658,66.0,3.9,324,36
TRUE, TRUE INDIAN Solid Men Blue ...,lower,men,429,794.44,365,46.0,4.0,128,16
HRX, HRX by Hrithik Roshan Solid...,lower,men,841,1378.69,537,39.0,4.0,167,19
Club, Club York Varsity Men Black...,lower,men,515,1560.61,1045,67.0,4.1,47,4
Greenhouse," Greenhouse Self Design, Var...",lower,men,437,693.65,256,37.0,3.7,2046,278
SHELLOCKS, SHELLOCKS Solid Men Blue Tr...,lower,men,550,820.9,270,33.0,3.9,718,101
Hubberholme, Hubberholme Solid Men Dark ...,lower,men,499,998.0,499,50.0,3.7,61,6
TRUE, TRUE INDIAN Solid Men Blue ...,lower,men,429,794.44,365,46.0,4.0,128,16
HARVARD, HARVARD Solid Men Black Tra...,lower,men,857,1680.39,823,49.0,5.0,4,1
SHELLOCKS, SHELLOCKS Solid Men Blue Tr...,lower,men,550,820.9,270,33.0,3.9,718,101
VIMAL, VIMAL JONNEY Color Block Me...,lower,men,1143,2658.14,1515,57.0,3.8,357,55
U.S., U.S. POLO ASSN. Solid Men G...,lower,men,1299,1299.0,0,0.0,4.2,807,78
SURLY, SURLY Solid Men Black Track...,lower,men,592,1557.89,965,62.0,4.0,1812,274
HRX, HRX by Hrithik Roshan Solid...,lower,men,841,1378.69,537,39.0,4.0,167,19
SHELLOCKS, SHELLOCKS Solid Men Blue Tr...,lower,men,675,992.65,317,32.0,4.0,522,68
Greenhouse, Greenhouse Striped Men Mult...,lower,men,1187,2082.46,895,43.0,3.7,2046,278
WellFitLook, WellFitLook Solid Men Dark ...,lower,men,560,767.12,207,27.0,3.2,2874,437
VIMAL, VIMAL JONNEY Varsity Men Mu...,lower,men,867,1769.39,902,51.0,3.8,352,55
HRX, HRX by Hrithik Roshan Solid...,lower,men,841,1378.69,537,39.0,4.0,167,19
RiverHill, RiverHill Varsity Men Grey ...,lower,men,299,498.33,199,40.0,3.4,36,5
U.S., U.S. POLO ASSN. Solid Men B...,lower,men,1399,1399.0,0,0.0,4.0,1414,162
VIMAL, VIMAL JONNEY Solid Men Mult...,lower,men,1135,2639.53,1504,57.0,3.9,225,30
Christy, Christy World Self Design M...,lower,men,699,1487.23,788,53.0,3.8,548,75
U.S., U.S. POLO ASSN. Varsity Men...,lower,men,999,999.0,0,0.0,3.9,582,65
Omtex, Omtex JW Solid Men White Tr...,lower,men,709,824.42,115,14.0,4.5,44,5
Macroman, Macroman M-Series Maks Soli...,lower,men,799,897.75,98,11.0,4.3,42,7
CHECKERSBAY, CHECKERSBAY Varsity Men Mul...,lower,men,1273,2767.39,1494,54.0,4.0,854,138
HRX, HRX by Hrithik Roshan Solid...,lower,men,841,1378.69,537,39.0,4.0,167,19
Teesort, Teesort Printed Men Blue Tr...,lower,men,474,1692.86,1218,72.0,3.9,23,5
WellFitLook, WellFitLook Solid Men Black...,lower,men,596,784.21,188,24.0,3.7,49,7
Tinted, Tinted Solid Men Black Trac...,lower,men,540,1384.62,844,61.0,3.9,340,38
Greenhouse, Greenhouse Varsity Men Dark...,lower,men,1187,2082.46,895,43.0,3.7,2046,278
SHAUN," SHAUN Printed Men Pink, Gre...",lower,men,823,2654.84,1831,69.0,3.8,52,8
bEEVEE, bEEVEE Solid Men Dark Blue ...,lower,men,849,998.82,149,15.0,3.9,1830,241
WellFitLook, WellFitLook Varsity Men Mul...,lower,men,975,1598.36,623,39.0,3.4,306,55
Zesteez, Zesteez Solid Men Black Tra...,lower,men,449,997.78,548,55.0,3.8,66,10
SHELLOCKS, SHELLOCKS Solid Men Grey Tr...,lower,men,699,699.0,0,0.0,4.0,93,12
SURLY, SURLY Solid Men Black Track...,lower,men,592,1557.89,965,62.0,4.0,1812,274
CLITHS," CLITHS Striped, Solid Men B...",lower,men,1289,2997.67,1708,57.0,3.4,37,6
SHELLOCKS, SHELLOCKS Solid Men Blue Tr...,lower,men,700,1029.41,329,32.0,4.0,522,68
Mountain, Mountain Colours Solid Men ...,lower,men,1499,3944.74,2445,62.0,3.8,153,23
CAMPUS, CAMPUS SUTRA Printed Men Bl...,lower,men,695,1198.28,503,42.0,3.5,89,11
VAN, VAN HEUSEN Solid Men Dark B...,lower,men,1955,2273.26,318,14.0,4.3,3,1
Greenhouse, Greenhouse Solid Men Black ...,lower,men,1187,2082.46,895,43.0,4.1,126,19
CAMPUS, CAMPUS SUTRA Printed Men Bl...,lower,men,695,1198.28,503,42.0,3.5,12,1
CAMPUS, CAMPUS SUTRA Printed Men Bl...,lower,men,695,1198.28,503,42.0,3.4,10,1
CAMPUS, CAMPUS SUTRA Printed Men Gr...,lower,men,695,1198.28,503,42.0,3.3,20,3
CAMPUS, CAMPUS SUTRA Printed Men Gr...,lower,men,695,1198.28,503,42.0,3.8,31,5
Sport, Sport Sun Solid Men Dark Bl...,lower,men,1049,2098.0,1049,50.0,3.3,9,1
SHELLOCKS, SHELLOCKS Solid Men Blue Tr...,lower,men,700,1029.41,329,32.0,4.0,522,68
CAMPUS, CAMPUS SUTRA Printed Men Bl...,lower,men,695,1198.28,503,42.0,3.5,89,11
CAMPUS, CAMPUS SUTRA Printed Men Gr...,lower,men,695,1198.28,503,42.0,3.9,14,3
WellFitLook, WellFitLook Solid Men Dark ...,lower,men,560,767.12,207,27.0,3.2,2874,437
WellFitLook, WellFitLook Solid Men Multi...,lower,men,799,1094.52,295,27.0,3.2,302,54
Greenhouse, Greenhouse Solid Men Maroon...,lower,men,388,692.86,304,44.0,3.6,2418,382
HRX, HRX by Hrithik Roshan Solid...,lower,men,841,1378.69,537,39.0,4.0,167,19
WellFitLook, WellFitLook Color Block Men...,lower,men,668,1484.44,816,55.0,3.3,498,65
SHELLOCKS, SHELLOCKS Solid Men Grey Tr...,lower,men,625,946.97,321,34.0,3.9,352,47
CAMPUS, CAMPUS SUTRA Printed Men Gr...,lower,men,695,1198.28,503,42.0,3.9,31,2
Haoser, Haoser Solid Women Multicol...,lower,women,799,1775.56,976,55.0,3.6,34,4
UZARUS, UZARUS Solid Women Grey Tra...,lower,women,449,1181.58,732,62.0,3.9,1524,227
Kissero, Kissero Solid Women Multico...,lower,women,499,792.06,293,37.0,3.8,8,1
Kissero, Kissero Solid Women Multico...,lower,women,499,792.06,293,37.0,4.4,7,2
VIMAL, VIMAL JONNEY Color Block Wo...,lower,women,819,1780.43,961,54.0,3.9,78,9
SWEEKASH, SWEEKASH Solid Women Purple...,lower,women,485,989.8,504,51.0,3.8,727,125
SWEEKASH, SWEEKASH Solid Women Purple...,lower,women,988,1976.0,988,50.0,3.8,1581,263
onesport, onesport Solid Women Pink T...,lower,women,599,1198.0,599,50.0,4.2,237,32
BARBIE, BARBIE Color Block Women Gr...,lower,women,750,1470.59,720,49.0,4.6,5,2
Colors, Colors & Blends Solid Women...,lower,women,459,997.83,538,54.0,3.8,214,25
American-Elm, American-Elm Color Block Wo...,lower,women,439,997.73,558,56.0,3.6,619,61
Alan, Alan Jones Solid Women Gree...,lower,women,599,1274.47,675,53.0,4.1,1416,184
UNDER, UNDER ARMOUR Solid Women Gr...,lower,women,2710,3763.89,1053,28.0,4.0,10,2
eCools, eCools Solid Women Black Tr...,lower,women,379,997.37,618,62.0,4.1,29,8
SHELLOCKS, SHELLOCKS Solid Women Blue ...,lower,women,585,975.0,390,40.0,3.7,51,10
American-Elm, American-Elm Color Block Wo...,lower,women,439,997.73,558,56.0,3.6,619,61
Aglobi, Aglobi Camouflage Women Mul...,lower,women,297,990.0,693,70.0,3.6,101,13
Alan, Alan Jones Solid Women Gree...,lower,women,599,1274.47,675,53.0,4.1,1416,184
UNDER, UNDER ARMOUR Solid Women Gr...,lower,women,2710,3763.89,1053,28.0,4.0,10,2
UNDER, UNDER ARMOUR Solid Women Bl...,lower,women,2791,3987.14,1196,30.0,3.6,21,2
Yuvraah, Yuvraah Solid Women Pink Tr...,lower,women,839,2996.43,2157,72.0,4.2,566,79
M, M Moddy Army Style Stretcha...,lower,women,349,997.14,648,65.0,3.7,256,35
UZARUS, UZARUS Solid Women Black Tr...,lower,women,499,1188.1,689,58.0,3.8,95,13
Lovable, Lovable Color Block Women P...,lower,women,426,698.36,272,39.0,4.2,74,8
krishnafit, krishnafit Solid Women Red ...,lower,women,283,1572.22,1289,82.0,3.4,263,36
HRX, HRX by Hrithik Roshan Solid...,lower,women,927,2060.0,1133,55.0,3.6,22,3
Crease, Crease & Clips Camouflage W...,lower,women,461,1589.66,1128,71.0,3.4,83,8
FILMAX®, FILMAX® ORIGINALS Solid Wom...,lower,women,545,598.9,53,9.0,4.0,285,43
Haoser, Haoser Solid Women Multicol...,lower,women,839,1678.0,839,50.0,3.9,44,6
MODEVE, MODEVE Printed Women Grey T...,lower,women,479,1197.5,718,60.0,4.1,753,103
SHELLOCKS, SHELLOCKS Solid Women Red T...,lower,women,585,975.0,390,40.0,3.7,51,10
Be, Be You Color Block Women Bl...,lower,women,499,1018.37,519,51.0,4.1,10,1
Lesuzaki, Lesuzaki Striped Women Blue...,lower,women,499,792.06,293,37.0,4.6,9,1
CLITHS," CLITHS Solid Women Blue, Bl...",lower,women,799,1948.78,1149,59.0,4.1,16,6
Kissero, Kissero Self Design Women G...,lower,women,499,792.06,293,37.0,4.1,19,3
Haoser, Haoser Solid Women Multicol...,lower,women,799,1775.56,976,55.0,3.6,34,4
ASDF, ASDF Solid Women Multicolor...,lower,women,698,1994.29,1296,65.0,4.0,56,10
Lady, Lady Stark Color Block Wome...,lower,women,599,1198.0,599,50.0,3.6,124,17
American-Elm, American-Elm Printed Women ...,lower,women,498,996.0,498,50.0,3.6,619,61
SWEEKASH," SWEEKASH Solid Women Blue, ...",lower,women,988,1976.0,988,50.0,3.8,1581,263
69GAL, 69GAL Printed Women Grey Tr...,lower,women,493,795.16,302,38.0,4.0,1455,209
Lady, Lady Stark Color Block Wome...,lower,women,599,1198.0,599,50.0,3.6,124,17
American-Elm, American-Elm Printed Women ...,lower,women,498,996.0,498,50.0,3.6,619,61
SWEEKASH," SWEEKASH Solid Women Blue, ...",lower,women,988,1976.0,988,50.0,3.8,1581,263
krishnafit, krishnafit Solid Women Maro...,lower,women,349,1586.36,1237,78.0,3.4,263,36
ALCIS, ALCIS Solid Women Blue Trac...,lower,women,650,1274.51,624,49.0,4.0,7,1
Lady, Lady Stark Color Block Wome...,lower,women,599,1198.0,599,50.0,3.4,120,13
SWEEKASH, SWEEKASH Color Block Women ...,lower,women,938,1995.74,1057,53.0,3.8,168,27
DIAZ," DIAZ Printed Women Blue, Pi...",lower,women,689,1060.0,371,35.0,3.8,98,15
CAMPUS, CAMPUS SUTRA Printed Women ...,lower,women,768,1280.0,512,40.0,3.5,11,1
ALCIS, ALCIS Solid Women Blue Trac...,lower,women,650,1274.51,624,49.0,4.0,7,1
Lady, Lady Stark Color Block Wome...,lower,women,599,1198.0,599,50.0,3.4,120,13
American-Elm, American-Elm Solid Women Bl...,lower,women,449,997.78,548,55.0,3.8,68,5
DIAZ," DIAZ Printed Women Blue, Pi...",lower,women,689,1060.0,371,35.0,3.8,98,15
69GAL, 69GAL Camouflage Women Gree...,lower,women,823,1959.52,1136,58.0,4.2,336,67
69GAL, 69GAL Camouflage Women Blue...,lower,women,823,1959.52,1136,58.0,4.2,336,67
VIMAL, VIMAL JONNEY Solid Women Gr...,lower,women,536,893.33,357,40.0,3.4,1417,171
CAMPUS, CAMPUS SUTRA Printed Women ...,lower,women,768,1280.0,512,40.0,3.5,11,1
UZARUS, UZARUS Solid Women Grey Tra...,lower,women,499,1188.1,689,58.0,3.8,95,13
SWEEKASH," SWEEKASH Solid Women Black,...",lower,women,988,1976.0,988,50.0,3.8,1581,263
Haoser, Haoser Solid Women Multicol...,lower,women,839,1678.0,839,50.0,3.9,44,6
onesport, onesport Printed Women Yell...,lower,women,649,1324.49,675,51.0,3.7,21,2
VIMAL, VIMAL JONNEY Varsity Women ...,lower,women,536,893.33,357,40.0,3.5,217,25
onesport, onesport Solid Women Black ...,lower,women,650,984.85,334,34.0,4.0,90,12
American-Elm, American-Elm Printed Women ...,lower,women,498,996.0,498,50.0,3.7,442,53
onesport, onesport Solid Women Black ...,lower,women,545,698.72,153,22.0,3.5,254,31
American-Elm, American-Elm Printed Women ...,lower,women,495,990.0,495,50.0,3.7,389,32
FILMAX®, FILMAX® ORIGINALS Solid Wom...,lower,women,545,598.9,53,9.0,4.0,285,43
onesport," onesport Solid Women Blue, ...",lower,women,650,1382.98,732,53.0,3.4,14,2
onesport, onesport Solid Women Black ...,lower,women,545,648.81,103,16.0,3.6,223,27
American-Elm," American-Elm Self Design, S...",lower,women,799,1700.0,901,53.0,3.3,15,1
CLITHS," CLITHS Solid Women Black, G...",lower,women,1249,2548.98,1299,51.0,3.8,10,1
SWEEKASH, SWEEKASH Solid Women Dark B...,lower,women,539,998.15,459,46.0,3.8,727,125
krishnafit, krishnafit Solid Women Yell...,lower,women,349,1586.36,1237,78.0,3.4,263,36
Colors, Colors & Blends Solid Women...,lower,women,459,997.83,538,54.0,3.8,214,25
MODEVE," MODEVE Solid Women Pink, Gr...",lower,women,639,1486.05,847,57.0,4.0,52338,7426
SWEEKASH," SWEEKASH Solid Women Black,...",lower,women,540,1173.91,633,54.0,3.9,233,27
CAYMAN, CAYMAN Solid Women Purple T...,lower,women,847,1694.0,847,50.0,3.6,5,1
Colors, Colors & Blends Solid Women...,lower,women,449,898.0,449,50.0,3.4,259,41
collkart," collkart Solid Women Pink, ...",lower,women,599,798.67,199,25.0,3.8,6,1
American-Elm, American-Elm Solid Women Gr...,lower,women,495,990.0,495,50.0,4.1,19,3
Haoser, Haoser Solid Women Multicol...,lower,women,839,1678.0,839,50.0,3.9,44,6
Cottinfab, Cottinfab Color Block Women...,lower,women,549,1614.71,1065,66.0,3.5,11,1
TT, TT Solid Women Black Track ...,lower,women,413,536.36,123,23.0,3.9,1193,166
Kissero, Kissero Solid Women Multico...,lower,women,499,792.06,293,37.0,4.0,12,1
American-Elm, American-Elm Printed Women ...,lower,women,498,996.0,498,50.0,3.7,442,53
SWEEKASH, SWEEKASH Solid Women Blue T...,lower,women,564,989.47,425,43.0,3.0,10,2
Haoser, Haoser Solid Women Multicol...,lower,women,839,1678.0,839,50.0,3.9,44,6
American-Elm," American-Elm Self Design, S...",lower,women,495,990.0,495,50.0,3.8,274,34
American-Elm, American-Elm Varsity Women ...,lower,women,498,996.0,498,50.0,3.6,619,61
Kifayati, Kifayati Bazar Track Pant F...,lower,kids,371,1196.77,825,69.0,3.7,746,83
ZERO, ZERO Track Pant For Boys & ...,lower,kids,450,450.0,0,0.0,4.0,21,2
SOUTHTREE, SOUTHTREE Track Pant For Bo...,lower,kids,699,1270.91,571,45.0,4.2,1309,193
Alan, Alan Jones Track Pant For B...,lower,kids,521,1085.42,564,52.0,4.2,366,35
Kifayati, Kifayati Bazar Track Pant F...,lower,kids,629,1497.62,868,58.0,3.7,2179,301
SHAUN, SHAUN Track Pant For Boys,lower,kids,823,2165.79,1342,62.0,3.8,36,3
Tiddly, Tiddly Tots Track Pant For ...,lower,kids,380,883.72,503,57.0,3.9,150,16
SOUTHTREE, SOUTHTREE Track Pant For Bo...,lower,kids,899,1473.77,574,39.0,4.2,389,54
XN, XN SPORTS Track Pant For Bo...,lower,kids,300,652.17,352,54.0,4.2,5,1
SHELLOCKS, SHELLOCKS Track Pant For Bo...,lower,kids,285,300.0,15,5.0,3.9,152,21
LOVO, LOVO Track Pant For Boys & ...,lower,kids,325,650.0,325,50.0,5.0,2,1
SHAUN, SHAUN Track Pant For Boys,lower,kids,1098,3327.27,2229,67.0,3.8,61,6
69GAL, 69GAL Track Pant For Girls,lower,kids,823,1582.69,759,48.0,4.3,138,16
SHAUN, SHAUN Track Pant For Boys,lower,kids,493,1332.43,839,63.0,4.0,187,20
ADIDAS, ADIDAS Track Pant For Girls,lower,kids,689,4593.33,3904,85.0,3.7,11,1
SHAUN, SHAUN Track Pant For Boys,lower,kids,823,1192.75,369,31.0,4.1,928,106
SHAUN, SHAUN Track Pant For Boys,lower,kids,823,2165.79,1342,62.0,3.8,36,3
SHAUN, SHAUN Track Pant For Boys,lower,kids,481,981.63,500,51.0,3.9,72,11
SHAUN, SHAUN Track Pant For Boys,lower,kids,768,768.0,0,0.0,4.0,312,68
Mitwa, Mitwa Track Pant For Boys &...,lower,kids,1199,2497.92,1298,52.0,4.2,175,33
F09, F09 Track Pant For Boys & G...,lower,kids,699,4992.86,4293,86.0,4.5,19,4
HRX, HRX by Hrithik Roshan Track...,lower,kids,632,1469.77,837,57.0,4.3,34,6
Basis, Basis Track Pant For Boys,lower,kids,599,2495.83,1896,76.0,4.2,223,28
SOUTHTREE, SOUTHTREE Track Pant For Bo...,lower,kids,999,1783.93,784,44.0,4.2,389,54
VIMAL, VIMAL JONNEY Track Pant For...,lower,kids,686,1758.97,1072,61.0,3.5,17,2
69GAL, 69GAL Track Pant For Girls,lower,kids,493,1332.43,839,63.0,4.1,22,2
SHELLOCKS, SHELLOCKS Track Pant For Bo...,lower,kids,332,349.47,17,5.0,4.1,22,5
Basis, Basis Track Pant For Boys,lower,kids,599,2495.83,1896,76.0,4.2,223,28
Sweeta, Sweeta Angel Track Pant For...,lower,kids,549,1098.0,549,50.0,3.9,9,2
SHELLOCKS, SHELLOCKS Track Pant For Bo...,lower,kids,308,324.21,16,5.0,3.9,152,21
SHAUN, SHAUN Track Pant For Boys,lower,kids,493,1332.43,839,63.0,4.0,187,20
SHELLOCKS, SHELLOCKS Track Pant For Bo...,lower,kids,332,349.47,17,5.0,4.1,22,5
Basis, Basis Track Pant For Boys,lower,kids,599,2495.83,1896,76.0,4.2,223,28
SHELLOCKS, SHELLOCKS Track Pant For Bo...,lower,kids,308,324.21,16,5.0,3.9,41,8
SOUTHTREE, SOUTHTREE Track Pant For Bo...,lower,kids,999,1783.93,784,44.0,4.2,389,54
SHELLOCKS, SHELLOCKS Track Pant For Bo...,lower,kids,418,440.0,22,5.0,3.9,41,8
SHAUN, SHAUN Track Pant For Boys,lower,kids,493,986.0,493,50.0,4.0,141,19
SHELLOCKS, SHELLOCKS Track Pant For Bo...,lower,kids,285,300.0,15,5.0,3.9,152,21
Basis, Basis Track Pant For Boys,lower,kids,599,2495.83,1896,76.0,4.2,223,28
69GAL, 69GAL Track Pant For Girls,lower,kids,493,1332.43,839,63.0,4.1,22,2
VIMAL, VIMAL JONNEY Track Pant For...,lower,kids,721,2670.37,1949,73.0,4.2,78,4
SHELLOCKS, SHELLOCKS Track Pant For Bo...,lower,kids,313,329.47,16,5.0,3.5,43,6
69GAL, 69GAL Track Pant For Girls,lower,kids,493,1332.43,839,63.0,4.1,22,2
SHELLOCKS, SHELLOCKS Track Pant For Bo...,lower,kids,285,300.0,15,5.0,3.9,41,8
SHELLOCKS, SHELLOCKS Track Pant For Bo...,lower,kids,285,300.0,15,5.0,3.9,152,21
Rizzly, Rizzly Moon Designed For Me...,watch,men,629,2419.23,1790,74.0,4.3,78,9
Carson, Carson CR77106NL01 Analog W...,watch,men,299,1495.0,1196,80.0,3.7,1819,188
LOIS, LOIS CARON LCS-8185 DAY & D...,watch,men,314,1847.06,1533,83.0,4.1,167992,17702
SKMEI, SKMEI goldmines-1 Analog-Di...,watch,men,392,1633.33,1241,76.0,4.2,47907,4998
LOIS, LOIS CARON LCS-4116 CROCO S...,watch,men,314,1847.06,1533,83.0,4.0,50421,7015
LOIS, LOIS CARON LCS-8093 BLUE DI...,watch,men,314,1847.06,1533,83.0,4.1,5192,440
Fastrack, Fastrack 38044PP01 Trendies...,watch,men,1399,2185.94,786,36.0,4.4,8998,1108
SONATA, SONATA NG7982PP04 By Sonata...,watch,men,499,499.0,0,0.0,4.2,37553,4787
VRAKISH, VRAKISH Digital M2 And Squa...,watch,men,240,960.0,720,75.0,3.4,373,26
SSA, SSA NEW GENERATION DIGITAL ...,watch,men,295,983.33,688,70.0,4.0,21117,1415
Happy, Happy Khajana 489H490P491K4...,watch,men,499,499.0,0,0.0,4.1,176,17
SKMEI, SKMEI 1164 Blue Analog-Digi...,watch,men,443,1476.67,1033,70.0,3.9,4533,478
SONATA, SONATA NH77006PP03J By Sona...,watch,men,725,725.0,0,0.0,4.0,8322,846
Fastrack, Fastrack NN38045PP01 Trendi...,watch,men,1756,2195.0,439,20.0,4.3,23597,2750
FOXTER, FOXTER FX-422 Classy Design...,watch,men,199,995.0,796,80.0,4.1,22,2
Rizzly, Rizzly Mens Exclusive 3 Des...,watch,men,379,2368.75,1989,84.0,4.0,319,24
Fastrack, Fastrack NN38045PP01 Trendi...,watch,men,1756,2195.0,439,20.0,4.3,23597,2750
Edith, Edith CH-012-Army Chorograp...,watch,men,275,398.55,123,31.0,4.2,1477,97
SONATA, SONATA NN77033PP04 Digital ...,watch,men,1099,1099.0,0,0.0,4.1,53,3
SKMEI, SKMEI 1361 Black Chronograp...,watch,men,483,1463.64,980,67.0,3.8,378,55
hala, hala Abx1017-Gents Transpar...,watch,men,320,969.7,649,67.0,4.0,1081,86
ANALOGUE, ANALOGUE ANLG-448-WHITE-WHT...,watch,men,279,1468.42,1189,81.0,3.9,24507,1798
CASIO, CASIO G271 G-Shock ( GA-100...,watch,men,6396,7995.0,1599,20.0,4.5,2044,281
Acnos, Acnos Brand - A Digital Wat...,watch,men,299,1495.0,1196,80.0,3.7,31,2
LIMESTONE, LIMESTONE LS2997 Day & Date...,watch,men,599,3993.33,3394,85.0,4.2,8703,727
Rizzly, Rizzly 213-Black Smart Casu...,watch,men,199,1243.75,1044,84.0,4.1,2398,193
LIMESTONE, LIMESTONE LS2978 Day and Da...,watch,men,331,1947.06,1616,83.0,4.0,74,5
CASIO, CASIO G519 G-Shock ( GA-100...,watch,men,7036,8795.0,1759,20.0,4.6,488,80
Happy, Happy Khajana 54H55P56K64 B...,watch,men,759,1488.24,729,49.0,4.2,48,2
LOIS, LOIS CARON LCS-4116 CROCO S...,watch,men,314,1847.06,1533,83.0,4.0,50420,7015
LOIS, LOIS CARON LCS-4116 CROCO S...,watch,men,314,1847.06,1533,83.0,4.0,50420,7015
AWEX, AWEX AW-1002 Black Men Digi...,watch,men,474,1975.0,1501,76.0,4.3,257,35
CASADO, CASADO CSD-326-BLK-1-BLK Al...,watch,men,331,1439.13,1108,77.0,4.0,17060,1471
CASIO, CASIO D155 Youth Digital ( ...,watch,men,3235,3594.44,359,10.0,4.2,475,60
CASIO, CASIO G272 G-Shock ( GA-100...,watch,men,6156,8794.29,2638,30.0,4.5,634,84
SSA, SSA 1258 Gold Stylish Sport...,watch,men,390,1444.44,1054,73.0,4.3,19,1
Benling, Benling BL-1013-DTL-YLW-BLK...,watch,men,494,1764.29,1270,72.0,4.1,616,73
CASIO, CASIO G824 G-Shock ( GA-700...,watch,men,7915,9422.62,1507,16.0,4.4,325,38
SKMEI, SKMEI 1251 NEW ARRIVAL FAST...,watch,men,395,1462.96,1067,73.0,3.7,73,5
Sylvi, Sylvi Famous Brand Mens Lea...,watch,men,859,1997.67,1138,57.0,4.1,6112,701
Lizzy, Lizzy Water proof Sport Loo...,watch,men,289,996.55,707,71.0,3.9,75,9
FASHION, FASHION TRACK FT-4426 Lates...,watch,men,149,677.27,528,78.0,4.0,169,25
CASIO, CASIO AD222 Youth Combinati...,watch,men,3235,3594.44,359,10.0,4.3,414,46
Carson, Carson CR77106NL01 Analog W...,watch,men,299,1495.0,1196,80.0,3.7,1819,188
LOIS, LOIS CARON LCS-4116 CROCO S...,watch,men,314,1847.06,1533,83.0,4.0,50421,7015
M7, M7 By Metronaut M7-1912-BLA...,watch,men,616,2933.33,2317,79.0,3.7,363,37
CASIO, CASIO G650 G-Shock ( GA-400...,watch,men,7596,9495.0,1899,20.0,4.5,449,80
ANALOGUE, ANALOGUE ANLG-428-BLUE-BROW...,watch,men,279,1468.42,1189,81.0,3.9,24497,1798
Cameron, Cameron Sport Water paroof ...,watch,men,289,996.55,707,71.0,4.0,6,2
SSA, SSA NEW GENERATION DIGITAL ...,watch,men,325,984.85,659,67.0,3.9,621,44
Glamexy, Glamexy Combo Analog Watch ...,watch,men,339,691.84,352,51.0,3.6,225,25
TOMMY, TOMMY HILFIGER TH1710375 An...,watch,men,5700,9500.0,3800,40.0,4.1,146,15
Fastrack, Fastrack 38047PP01 Trendies...,watch,men,1880,2350.0,470,20.0,4.3,23597,2750
Rizzly, Rizzly Genuine Stylish Look...,watch,men,199,1243.75,1044,84.0,3.6,83,12
SKMEI, SKMEI 1343 Black Chronograp...,watch,men,497,1461.76,964,66.0,3.8,662,83
Wrogn, Wrogn WRG00057C Digital Wat...,watch,men,835,1988.1,1153,58.0,4.0,66,5
Piaoma, Piaoma Pnew-9064 Black Digi...,watch,men,539,2450.0,1911,78.0,3.8,11,1
Carson, Carson CR77106NL01 Analog W...,watch,men,299,1495.0,1196,80.0,3.7,1819,188
CASIO, CASIO D027 Youth Digital ( ...,watch,men,1210,1344.44,134,10.0,4.1,527,76
SKMEI, SKMEI NUN 1384 KHAKHI digit...,watch,men,379,1895.0,1516,80.0,4.2,964,112
SF, SF NF7982PP06J By Sonata Di...,watch,men,499,499.0,0,0.0,4.5,50,5
AB, AB Collection G-Style S-007...,watch,men,299,996.67,697,70.0,3.9,2956,237
CASIO, CASIO G965 G-Shock ( DW-570...,watch,men,4196,5994.29,1798,30.0,4.3,22,4
WHITE, WHITE STONE Steel Chain Spo...,watch,men,303,797.37,494,62.0,3.9,79,5
CASIO, CASIO D119 Youth Digital ( ...,watch,men,2396,2995.0,599,20.0,4.1,454,92
Fastrack, Fastrack NN38035SP01 Analog...,watch,men,3116,3895.0,779,20.0,4.3,505,109
TOMMY, TOMMY HILFIGER TH1791339 An...,watch,men,5034,8989.29,3955,44.0,4.4,40,3
Wrogn, Wrogn WRG00055A Digital Wat...,watch,men,1044,2485.71,1441,58.0,3.6,11,1
V2A, V2A Stylish Trendy 5ATM Wat...,watch,men,990,1980.0,990,50.0,4.0,15,2
SF, SF NN77080PP02 By Sonata Di...,watch,men,1399,1399.0,0,0.0,4.4,487,87
SCUDERIA, SCUDERIA FERRARI 0830723 Pi...,watch,men,5272,10759.18,5487,51.0,4.3,381,33
AB, AB Collection G-Style S-007...,watch,men,299,996.67,697,70.0,3.9,2956,237
SKMEI, SKMEI 1251_RED 1251_RED Dig...,watch,men,364,596.72,232,39.0,3.8,23,2
CASIO, CASIO G951 G-Shock ( GA-200...,watch,men,6996,9994.29,2998,30.0,4.5,102,8
LOIS, LOIS CARON LCS-4116 CROCO S...,watch,men,314,1847.06,1533,83.0,4.0,50421,7015
SCUDERIA, SCUDERIA FERRARI 0830723 Pi...,watch,men,5272,10759.18,5487,51.0,4.3,381,33
M7, M7 By Metronaut M7-1155-Red...,watch,men,658,2990.91,2332,78.0,4.1,159,21
Lugano, Lugano 1154 Exclusive Day &...,watch,men,333,1447.83,1114,77.0,4.1,102,10
LOIS, LOIS CARON LCS-8407 ORIGINA...,watch,men,539,2994.44,2455,82.0,4.0,3870,300
CASIO, CASIO D153 Youth Digital ( ...,watch,men,2965,3294.44,329,10.0,4.2,70,8
AB, AB Collection G-Style S-007...,watch,men,299,996.67,697,70.0,3.9,2956,237
SSA, SSA NEW GENERATION BLACK DI...,watch,men,284,979.31,695,71.0,4.0,21115,1415
SKMEI, SKMEI 1258 Black Chronograp...,watch,men,353,1961.11,1608,82.0,3.9,2411,306
LOREM, LOREM FZ-WL10-LR05 Combo Of...,watch,men,369,997.3,628,63.0,3.8,130,6
LOIS, LOIS CARON LCS-4116 CROCO S...,watch,men,314,1847.06,1533,83.0,4.0,50420,7015
CASIO, CASIO AD233 Youth Analog ( ...,watch,men,3595,3994.44,399,10.0,4.0,93,6
LIMESTONE, LIMESTONE LS2986 Minimalist...,watch,men,314,1962.5,1648,84.0,3.9,134,18
Sylvi, Sylvi 1518-BLUE Analog- Ana...,watch,men,557,1989.29,1432,72.0,4.0,369,36
ZIIIN, ZIIIN S-Shock Casual Analog...,watch,men,285,838.24,553,66.0,3.5,127,13
iCome, iCome Skmei 1361 Black Chro...,watch,men,488,1478.79,990,67.0,4.1,225,17
AB, AB Collection G-Style S-007...,watch,men,299,996.67,697,70.0,3.9,2956,237
SSA, SSA NEW GENERATION BLACK DI...,watch,men,284,979.31,695,71.0,4.0,21117,1415
SKMEI, SKMEI 1258 Black Chronograp...,watch,men,353,1961.11,1608,82.0,3.9,2411,306
LOREM, LOREM FZ-WL10-LR05 Combo Of...,watch,men,369,997.3,628,63.0,3.8,130,6
LOIS, LOIS CARON LCS-4116 CROCO S...,watch,men,314,1847.06,1533,83.0,4.0,50421,7015
SONATA, SONATA NN8164SM01 SF Digita...,watch,women,1282,1424.44,142,10.0,4.4,735,64
Miss, Miss Perfect New Diamond Cu...,watch,women,199,865.22,666,77.0,3.6,284,32
CASIO, CASIO B153 Baby-G ( BG-6901...,watch,women,3846,5494.29,1648,30.0,4.1,21,2
Rizzly, Rizzly 142-Black Flower Des...,watch,women,359,1495.83,1136,76.0,4.1,1615,119
Happy, Happy Khajana Stainless Ste...,watch,women,297,495.0,198,40.0,3.9,52,2
Miss, Miss Perfect New Diamond Cu...,watch,women,199,865.22,666,77.0,3.6,284,32
Rizzly, Rizzly 142-Black Flower Des...,watch,women,359,1495.83,1136,76.0,4.1,1615,119
Glamexy, Glamexy NEW WELVET MULTICOL...,watch,women,349,698.0,349,50.0,4.0,41,7
CASIO, CASIO BX067 BABY-G Tandem S...,watch,women,8495,8495.0,0,0.0,3.7,7,1
rofl, rofl RF-DG106-ARMYRED-SHOCK...,watch,women,299,1245.83,946,76.0,3.8,247,14
Miss, Miss Perfect New Diamond Cu...,watch,women,199,865.22,666,77.0,3.6,284,32
Rizzly, Rizzly 142-Black Flower Des...,watch,women,359,1495.83,1136,76.0,4.1,1615,119
SETCOS, SETCOS 115-Stylish Women Wa...,watch,women,222,965.22,743,77.0,3.6,22,3
VRAKISH, VRAKISH Digital M2 And Squa...,watch,women,240,960.0,720,75.0,3.4,373,26
SKMEI, SKMEI 1155 Black Chronograp...,watch,women,386,1484.62,1098,74.0,4.1,18895,2086
MR, MR NUN FOS-SHOK 7 Light wat...,watch,women,319,996.88,677,68.0,4.1,123,10
MR, MR NUN 1251 green SPORTS AD...,watch,women,997,1294.81,297,23.0,3.7,46,3
KIPRUN, KIPRUN 8548004 Digital Watc...,watch,women,1424,1498.95,74,5.0,4.4,19,3
LOIS, LOIS CARON LCS-4681 Silver ...,watch,women,249,1778.57,1529,86.0,3.9,353,29
SKMEI, SKMEI 1251 black M3 band SP...,watch,women,377,1450.0,1073,74.0,4.2,13,1
SHIPKART, SHIPKART 7 COLOR LIGHT DIGI...,watch,women,199,497.5,298,60.0,3.4,49,3
FOXTER, FOXTER FX-336 PUBG New Arri...,watch,women,249,1245.0,996,80.0,3.7,126,12
Chronorex, Chronorex Digital black dia...,watch,women,299,1423.81,1124,79.0,4.2,58,6
Praizy, Praizy Times Watch for girl...,watch,women,359,997.22,638,64.0,4.8,4,1
SF, SF 87017PP03 Sonata Fibre D...,watch,women,580,725.0,145,20.0,4.5,35,6
LAVISHABLE, LAVISHABLE Sports Digital B...,watch,women,249,498.0,249,50.0,3.5,11,1
SHOPIFY, SHOPIFY Army Digital Collec...,watch,women,316,332.63,16,5.0,3.8,607,45
Florida, Florida TODAY LATEST TREND ...,watch,women,299,343.68,44,13.0,3.8,47,5
BOBO, BOBO BIRD Stylish Attractiv...,watch,women,309,1287.5,978,76.0,3.9,704,58
lifestyle, lifestyle colours New Excel...,watch,women,299,1196.0,897,75.0,3.8,6,1
Miss, Miss Perfect New Diamond Cu...,watch,women,199,865.22,666,77.0,3.6,284,32
Rizzly, Rizzly 142-Black Flower Des...,watch,women,359,1495.83,1136,76.0,4.1,1615,119
FL, FL first look new stylish L...,watch,women,180,666.67,486,73.0,3.4,42,7
SKMEI, SKMEI Rocket Black Digital ...,watch,women,287,652.27,365,56.0,3.5,580,49
POCO, POCO Combo Pack 2 Attractiv...,watch,women,309,882.86,573,65.0,3.4,23,3
X, X Factor XF-T102-TRANS-SILV...,watch,women,320,1280.0,960,75.0,3.9,19,4
V2A, V2A Sports Trendy Stylish W...,watch,women,749,1498.0,749,50.0,3.9,63,4
time, time gp new apple Combo Of ...,watch,women,247,494.0,247,50.0,3.4,36,2
BOBO, BOBO BIRD Stylish Attractiv...,watch,women,298,1295.65,997,77.0,3.4,9,3
CASIO, CASIO B195 Baby-G Analog-Di...,watch,women,7495,7495.0,0,0.0,4.4,24,4
Aurex, Aurex AX-LR532-WTC AWESOME ...,watch,women,319,1678.95,1359,81.0,4.1,361,42
Miss, Miss Perfect New Diamond Cu...,watch,women,199,865.22,666,77.0,3.6,284,32
Rizzly, Rizzly 142-Black Flower Des...,watch,women,359,1495.83,1136,76.0,4.1,1615,119
ZIIIN, ZIIIN S-Shock Casual Analog...,watch,women,285,838.24,553,66.0,3.5,127,13
Crysta, Crysta Fashion Apple LED Di...,watch,women,245,298.78,53,18.0,3.6,27,1
X, X Factor XF-T104-TRANS-BLUE...,watch,women,320,1280.0,960,75.0,3.9,19,4
FL, FL first look new stylish L...,watch,women,199,663.33,464,70.0,3.4,42,7
Miss, Miss Perfect New Diamond Cu...,watch,women,199,865.22,666,77.0,3.6,284,32
Rizzly, Rizzly 142-Black Flower Des...,watch,women,359,1495.83,1136,76.0,4.1,1615,119
LOIS, LOIS CARON LCS-4681 Silver ...,watch,women,249,1778.57,1529,86.0,3.9,353,29
Miss, Miss Perfect New Diamond Cu...,watch,women,199,865.22,666,77.0,3.6,284,32
Rizzly, Rizzly 142-Black Flower Des...,watch,women,359,1495.83,1136,76.0,4.1,1615,119
CASIO, CASIO BX150 Baby-G ( BGA-15...,watch,women,4196,5994.29,1798,30.0,4.7,19,3
LOIS, LOIS CARON LCS-4681 Silver ...,watch,women,249,1778.57,1529,86.0,3.9,353,29
CASIO, CASIO BX108 Baby-G ( MSG-40...,watch,women,7596,9495.0,1899,20.0,4.3,6,1
HARMI, HARMI CREATIVE Rocket Black...,watch,women,229,880.77,651,74.0,3.8,16,3
SF, SF 77045PP03J Sonata Fibre ...,watch,women,2799,2799.0,0,0.0,3.6,29,3
SKMEI, SKMEI 1257 1257 Digital Wat...,watch,women,410,1952.38,1542,79.0,3.5,11,3
HEAVEN, HEAVEN KART NEW GENERATION ...,watch,women,339,997.06,658,66.0,4.5,142,94
V2A, V2A Casual Sports Trendy St...,watch,women,795,1472.22,677,46.0,4.2,13,2
Monocal, Monocal BRACELET STYLES PUR...,watch,women,345,1277.78,932,73.0,3.3,6,1
BOBO, BOBO BIRD Combo Pack of 2 S...,watch,women,204,886.96,682,77.0,4.4,9,1
SETCOS, SETCOS 115-Stylish Women Wa...,watch,women,222,965.22,743,77.0,3.6,22,3
Blue, Blue Pearl BL-4044 Modish S...,watch,women,249,996.0,747,75.0,4.1,598,53
SHOPIFY, SHOPIFY Army Digital Collec...,watch,women,449,554.32,105,19.0,3.8,17,2
Miss, Miss Perfect New Diamond Cu...,watch,women,199,865.22,666,77.0,3.6,284,32
Rizzly, Rizzly 142-Black Flower Des...,watch,women,359,1495.83,1136,76.0,4.1,1615,119
CASIO, CASIO BX073 Baby-G ( BA-110...,watch,women,6296,8994.29,2698,30.0,5.0,5,2
Benling, Benling SK-BL-1017 Black Co...,watch,women,719,3423.81,2704,79.0,4.2,44,2
AGOG, AGOG New Arrival Black Magn...,watch,women,259,1295.0,1036,80.0,3.6,56,9
CASIO, CASIO BX177 Baby-G ( BA-130...,watch,women,7645,8494.44,849,10.0,3.4,5,1
Goodlike, Goodlike ARMY WATCH ARMY Wa...,watch,women,339,997.06,658,66.0,3.9,251,11
SKMEI, SKMEI SKM-1288 SKM--1288 An...,watch,women,792,1885.71,1093,58.0,3.9,137,19
CASIO, CASIO B193 Baby-G ( BGA-225...,watch,women,6646,9494.29,2848,30.0,4.6,19,1
Standard, Standard Choice Standard Co...,watch,women,314,981.25,667,68.0,4.0,74,7
Benling, Benling SK-BL-1017 Blue Col...,watch,women,719,3423.81,2704,79.0,4.2,44,2
CASIO, CASIO B196 Baby-G ( BGA-240...,watch,women,7495,7495.0,0,0.0,4.3,25,1
Solomon, Solomon G - Red03 Shock Res...,watch,women,292,1717.65,1425,83.0,3.8,103,7
Standard, Standard Choice Standard Co...,watch,women,314,981.25,667,68.0,4.0,74,7
Zanques, Zanques LADIES_619 Luxuriou...,watch,women,329,783.33,454,58.0,3.9,25,4
Rizzly, Rizzly Moon Designed For Me...,watch,women,629,2419.23,1790,74.0,4.2,509,63
Acnos, Acnos Titanium Steel Combo ...,watch,women,399,1995.0,1596,80.0,4.1,131,15
MAAN, MAAN INTERNATIONAL Queen Di...,watch,women,249,996.0,747,75.0,4.0,456,45
BOBO, BOBO BIRD Combo Pack 2 Part...,watch,women,204,886.96,682,77.0,4.3,16,2
Lizzy, Lizzy New Hot Sport Black A...,watch,women,249,996.0,747,75.0,4.2,117,13
CASIO, CASIO B171 Baby-G ( BGA-230...,watch,women,7495,7495.0,0,0.0,4.6,41,4
FenTox, FenTox Buckle Starry sky Wa...,watch,women,249,592.86,343,58.0,3.8,161,12
SHVAS, SHVAS Designer New Collecti...,watch,women,238,495.83,257,52.0,5.0,1,1
Benling, Benling BL-1022-W-BRNZE Ana...,watch,women,899,3457.69,2558,74.0,4.0,20,3
Cameron, Cameron New Italian Designe...,watch,women,199,995.0,796,80.0,3.6,31,2
FOUR, FOUR STAR Men Olive Sports ...,sandal,men,549,1568.57,1019,65.0,3.7,4863,572
SPARX," SPARX SS-485 Men Olive, Yel...",sandal,men,819,998.78,179,18.0,4.2,15265,2081
SPARX," SPARX Men SS-105 Men Black,...",sandal,men,588,691.76,103,15.0,4.2,36497,4694
REEBOK, REEBOK Strike Blaze Lp Men ...,sandal,men,851,2239.47,1388,62.0,4.2,2101,249
SPARX, SPARX Sparx Men SS-703 Blac...,sandal,men,472,524.44,52,10.0,4.2,24890,2992
aadi, aadi Men Blue Sports Sandal...,sandal,men,349,997.14,648,65.0,3.8,19292,2747
ADIDAS, ADIDAS Men Black Casual,sandal,men,1465,2989.8,1524,51.0,4.2,457,57
Fabbmate, Fabbmate Men Multicolor San...,sandal,men,579,1484.62,905,61.0,4.1,101,10
Kzaara, Kzaara Men Red Sports Sanda...,sandal,men,227,493.48,266,54.0,3.9,406,48
Wildcraft, Wildcraft Men Grey Sports S...,sandal,men,1019,2547.5,1528,60.0,4.2,168,31
RED, RED CHIEF RC0247 001 Men Bl...,sandal,men,1294,2352.73,1058,45.0,3.9,1710,211
SPARX, SPARX Men Multicolor Sports...,sandal,men,748,890.48,142,16.0,4.0,3999,556
Density, Density Men Orange Sports S...,sandal,men,429,997.67,568,57.0,4.0,26705,3393
CAMPUS, CAMPUS SD-071 Men Navy Casu...,sandal,men,529,594.38,65,11.0,4.0,1378,204
PUMA, PUMA Men Black Sports Sanda...,sandal,men,1035,2464.29,1429,58.0,4.1,708,87
ADIDAS, ADIDAS Men Green Sports San...,sandal,men,1047,1975.47,928,47.0,3.8,417,43
WOODLAND, WOODLAND Men Grey Sports Sa...,sandal,men,3238,3270.71,32,1.0,3.5,606,124
REEBOK, REEBOK Strike Blaze Lp Men ...,sandal,men,851,2239.47,1388,62.0,4.2,2101,249
PUMA," PUMA Taurus IDP Men Green, ...",sandal,men,1047,2492.86,1445,58.0,4.1,8415,1173
Furo, Furo by Red Chief Sports By...,sandal,men,933,1244.0,311,25.0,4.0,163,29
Wildcraft, Wildcraft Men Multicolor Sp...,sandal,men,1136,2840.0,1704,60.0,4.3,211,27
KANEGGYE, KANEGGYE Men Red Sports San...,sandal,men,189,675.0,486,72.0,4.0,113,10
REEBOK, REEBOK Strike Blaze Lp Men ...,sandal,men,851,2239.47,1388,62.0,4.2,2101,249
SPARX," SPARX Men SS-103 Men Black,...",sandal,men,649,791.46,142,18.0,4.2,9304,1353
Furo, Furo by Red Chief Sports By...,sandal,men,933,1244.0,311,25.0,4.0,163,29
Black," Black Cooper Men Tan, Black...",sandal,men,449,997.78,548,55.0,3.6,1384,149
REEBOK, REEBOK Strike Blaze Lp Men ...,sandal,men,851,2239.47,1388,62.0,4.2,2101,249
ADIDAS, ADIDAS Men Blue Sports Sand...,sandal,men,1047,1975.47,928,47.0,3.8,418,43
WOODLAND, WOODLAND Leather Men Khaki ...,sandal,men,3295,3295.0,0,0.0,4.1,3764,572
PUMA, PUMA Men Grey Sports Sandal...,sandal,men,1047,1975.47,928,47.0,4.2,116,16
Deny, Deny Brown Men Orange Sanda...,sandal,men,239,497.92,258,52.0,3.6,292,23
REPEATZ, REPEATZ Men Brown Sandals,sandal,men,259,681.58,422,62.0,3.8,380,53
REEBOK, REEBOK Strike Blaze Lp Men ...,sandal,men,851,2239.47,1388,62.0,4.2,2101,249
Furo, Furo by Red Chief Sports By...,sandal,men,1036,1295.0,259,20.0,4.1,10,2
SPARX," SPARX Men Black, Red Sports...",sandal,men,782,898.85,116,13.0,4.1,540,92
Deny, Deny Brown Men Black Sandal...,sandal,men,249,498.0,249,50.0,5.0,4,1
PUMA, PUMA Men Black Sports Sanda...,sandal,men,1047,2276.09,1229,54.0,4.1,8415,1173
WOODLAND, WOODLAND Men Yellow Sports ...,sandal,men,2156,2874.67,718,25.0,4.2,14,3
SPARX," SPARX Men Navy, Black Sport...",sandal,men,489,543.33,54,10.0,4.1,39654,5754
REEBOK, REEBOK Strike Blaze Lp Men ...,sandal,men,851,2239.47,1388,62.0,4.2,2101,249
WOODLAND, WOODLAND Men Grey Sports Sa...,sandal,men,2456,2480.81,24,1.0,3.8,86,14
ADIDAS, ADIDAS Elevate 2018 Men Gre...,sandal,men,1413,2770.59,1357,49.0,4.1,159,17
REEBOK, REEBOK Strike Blaze Lp Men ...,sandal,men,851,2239.47,1388,62.0,4.2,2101,249
CAMPUS, CAMPUS Men Navy Casual,sandal,men,529,594.38,65,11.0,4.0,1378,204
ADIDAS, ADIDAS Men Black Casual,sandal,men,2099,2998.57,899,30.0,4.3,621,61
LANCER," LANCER EARTH-56 Men Navy, B...",sandal,men,649,649.0,0,0.0,4.1,14979,2038
WOODLAND, WOODLAND Men Grey Sports Sa...,sandal,men,2456,2480.81,24,1.0,3.8,86,14
SPARX," SPARX SS-491 Men Grey, Red ...",sandal,men,737,898.78,161,18.0,4.1,2387,299
REEBOK, REEBOK Strike Blaze Lp Men ...,sandal,men,851,2239.47,1388,62.0,4.2,2101,249
SPARX," SPARX Men Red, Grey Sports ...",sandal,men,839,892.55,53,6.0,4.2,77,8
CROCS, CROCS (Crocband) Men Grey S...,sandal,men,2995,2995.0,0,0.0,4.2,659,70
PUMA," PUMA Pebble IDP Men Blue, G...",sandal,men,899,1997.78,1098,55.0,3.9,5488,681
ADIDAS, ADIDAS Men Black Sports San...,sandal,men,2112,3579.66,1467,41.0,4.0,21,4
CAMPUS, CAMPUS Men Navy Casual,sandal,men,529,594.38,65,11.0,4.0,1378,204
REEBOK, REEBOK Strike Blaze Lp Men ...,sandal,men,851,2239.47,1388,62.0,4.2,2101,249
PUMA, PUMA Men Black Sports Sanda...,sandal,men,1047,2492.86,1445,58.0,4.3,45,5
REEBOK, REEBOK Strike Blaze Lp Men ...,sandal,men,851,2239.47,1388,62.0,4.2,2101,249
PUMA, PUMA Buckle X IDP Men Grey ...,sandal,men,1025,2440.48,1415,58.0,4.0,1262,164
CAMPUS, CAMPUS Men Navy Sports Sand...,sandal,men,699,743.62,44,6.0,4.0,30,7
PUMA, PUMA Men Grey Sports Sandal...,sandal,men,1839,2298.75,459,20.0,4.1,232,27
REEBOK, REEBOK AZTRIX LP Men Grey F...,sandal,men,1047,2553.66,1506,59.0,4.1,141,15
SPARX, SPARX Men Olive Sports Sand...,sandal,men,617,693.26,76,11.0,4.0,804,98
SPARX," SPARX SS0447G Men Blue, Gre...",sandal,men,799,897.75,98,11.0,4.0,56558,8686
REEBOK, REEBOK Strike Blaze Lp Men ...,sandal,men,851,2239.47,1388,62.0,4.2,2101,249
Furo, Furo by Red Chief Sports By...,sandal,men,1036,1295.0,259,20.0,4.1,10,2
Bucik, Bucik Men White Sports Sand...,sandal,men,569,1962.07,1393,71.0,3.0,13,5
PUMA," PUMA Men Black, Blue Sports...",sandal,men,600,1935.48,1335,69.0,4.2,607,102
REEBOK, REEBOK Men Grey Sports Sand...,sandal,men,1402,2861.22,1459,51.0,3.9,18,1
NIKE, NIKE Men Black Sports Sanda...,sandal,men,3146,4494.29,1348,30.0,3.7,85,12
REEBOK, REEBOK Strike Blaze Lp Men ...,sandal,men,851,2239.47,1388,62.0,4.2,2101,249
PUMA, PUMA Men Black Sports Sanda...,sandal,men,1399,1998.57,599,30.0,4.0,3240,398
PU-OZONE," PU-OZONE Men Red, Grey Sand...",sandal,men,244,976.0,732,75.0,4.1,110,10
REEBOK, REEBOK Strike Blaze Lp Men ...,sandal,men,851,2239.47,1388,62.0,4.2,2101,249
REEBOK, REEBOK Men Black Sports San...,sandal,men,977,1993.88,1016,51.0,3.8,161,24
STRIKER, STRIKER Men Navy Sports San...,sandal,men,628,647.42,19,3.0,3.5,25,5
WOODLAND, WOODLAND Leather Men Khaki ...,sandal,men,3095,3774.39,679,18.0,4.1,522,88
REEBOK, REEBOK Strike Blaze Lp Men ...,sandal,men,851,2239.47,1388,62.0,4.2,2101,249
PROVOGUE, PROVOGUE Men Grey Sports Sa...,sandal,men,564,1175.0,611,52.0,4.2,636,98
iD, iD Men Brown Sports Sandals,sandal,men,1298,2884.44,1586,55.0,4.4,12,2
ASIAN," ASIAN Men Navy, Red Sandals",sandal,men,539,998.15,459,46.0,3.8,760,117
ASIAN," ASIAN Men Black, Grey Sanda...",sandal,men,539,998.15,459,46.0,3.8,760,117
Blue," Blue Chief Men Red, Black S...",sandal,men,284,591.67,307,52.0,3.5,35,6
REEBOK, REEBOK Strike Blaze Lp Men ...,sandal,men,851,2239.47,1388,62.0,4.2,2101,249
SPARX," SPARX Men Olive, Grey Sport...",sandal,men,599,935.94,336,36.0,4.3,69,11
SPARX," SPARX Men Navy, Red Sandals",sandal,men,860,1048.78,188,18.0,4.1,104,15
Deny, Deny Brown Men Red Sandals,sandal,men,249,498.0,249,50.0,3.6,292,23
ASIAN," ASIAN Men Black, Red Sports...",sandal,men,616,993.55,377,38.0,3.6,132,23
REEBOK, REEBOK Figo Lexus LP Men Na...,sandal,men,1047,2755.26,1708,62.0,4.0,362,44
SPARX, SPARX SS-414 Men Navy Sport...,sandal,men,669,796.43,127,16.0,4.1,24094,3052
WOODLAND, WOODLAND Men Green Sports S...,sandal,men,1643,2784.75,1141,41.0,3.9,224,19
WALKAROO, WALKAROO Men Black Casual,sandal,men,539,539.0,0,0.0,4.1,44,6
AUSTINJUSTIN, AUSTINJUSTIN Men Multicolor...,sandal,men,299,996.67,697,70.0,4.0,7,2
REEBOK, REEBOK Strike Blaze Lp Men ...,sandal,men,851,2239.47,1388,62.0,4.2,2101,249
Furo, Furo by Red Chief Sports By...,sandal,men,1036,1295.0,259,20.0,4.1,10,2
STRIKER, STRIKER Men Black Sports Sa...,sandal,men,703,889.87,186,21.0,4.1,32,6
newebit," newebit Women Black, Gold, ...",sandal,women,648,1296.0,648,50.0,3.5,4,2
SPARX," SPARX Women Grey, Orange Sp...",sandal,women,719,798.89,79,10.0,4.3,471,73
NIKE," NIKE Women Black, White Spo...",sandal,women,2091,3945.28,1854,47.0,4.1,11,1
Furo, Furo Women Orange Sports Sa...,sandal,women,918,1020.0,102,10.0,3.5,2,1
SHOEBUCKS, SHOEBUCKS Women Multicolor ...,sandal,women,599,998.33,399,40.0,4.2,68,20
SPARX, SPARX Women Grey Sports San...,sandal,women,759,798.95,39,5.0,4.2,55,7
REEBOK, REEBOK Women Black Sports S...,sandal,women,1574,2498.41,924,37.0,4.0,938,164
Ganuchi, Ganuchi By Franco Leone Wom...,sandal,women,588,1896.77,1308,69.0,3.9,42,9
SPARX," SPARX Women Grey, Green Spo...",sandal,women,725,725.0,0,0.0,4.2,59,7
SPARX, SPARX Sparx Women SS-109 Na...,sandal,women,664,698.95,34,5.0,4.3,836,122
Fsports, Fsports Women Black Sports ...,sandal,women,902,939.58,37,4.0,3.4,12,2
AAPNI, AAPNI CHOICE Women Multicol...,sandal,women,249,498.0,249,50.0,3.7,65,8
New," New Club Women Pink, Black ...",sandal,women,625,1275.51,650,51.0,3.8,51,7
SPARX," SPARX Women Black, Red Spor...",sandal,women,725,725.0,0,0.0,4.2,59,7
TWIN," TWIN Women Blue, Pink Sport...",sandal,women,419,544.16,125,23.0,4.0,72,13
CROCS, CROCS (Meleen) Women Navy S...,sandal,women,1746,2494.29,748,30.0,4.2,711,63
POWER, POWER Women Blue Sports San...,sandal,women,799,799.0,0,0.0,4.6,5,2
Rimboll," Rimboll Women Tan, Off Whit...",sandal,women,549,1193.48,644,54.0,4.2,83,13
RimboIl, RimboIl Fashion Women Pink ...,sandal,women,625,1275.51,650,51.0,4.2,27,5
Furo, Furo Women Orange Sports Sa...,sandal,women,918,1020.0,102,10.0,3.5,2,1
PUMA, PUMA Sports Women Grey Spor...,sandal,women,1499,1998.67,499,25.0,3.8,5690,970
Fsports, Fsports Women Black Sports ...,sandal,women,902,939.58,37,4.0,4.2,51,9
Furo, Furo Women Orange Sports Sa...,sandal,women,918,1020.0,102,10.0,3.5,2,1
SPARX, SPARX Sparx Women SS-435 Bl...,sandal,women,754,897.62,143,16.0,3.8,422,66
TWIN, TWIN Women Multicolor Sport...,sandal,women,419,544.16,125,23.0,4.0,72,13
Khadim's," Khadim's Women Pink, Grey S...",sandal,women,839,1198.57,359,30.0,4.2,25,4
Rimboll," Rimboll Women Maroon, Off W...",sandal,women,549,1193.48,644,54.0,4.2,83,13
New," New Club Women Pink, Black ...",sandal,women,625,1275.51,650,51.0,3.8,51,7
POWER," POWER Women Blue, Grey Spor...",sandal,women,799,799.0,0,0.0,4.3,669,100
SPARX, SPARX Sparx Women SS-109 Bl...,sandal,women,628,668.09,40,6.0,4.3,836,122
tattooz, tattooz Boys & Girls Velcro...,sandal,kid,299,786.84,487,62.0,3.8,344,44
CAMPUS, CAMPUS Boys Velcro Sports S...,sandal,kid,549,549.0,0,0.0,4.3,936,134
CAMPUS, CAMPUS Boys Velcro Sports S...,sandal,kid,499,499.0,0,0.0,4.0,235,31
Dapper, Dapper Skull Boys & Girls V...,sandal,kid,269,597.78,328,55.0,3.8,5,1
CAMPUS, CAMPUS Boys Velcro Sports S...,sandal,kid,569,569.0,0,0.0,4.0,236,23
CAMPUS, CAMPUS Boys & Girls Velcro ...,sandal,kid,439,439.0,0,0.0,4.1,647,86
claptrap, claptrap Boys Velcro Sports...,sandal,kid,199,497.5,298,60.0,3.7,113,16
Coolz, Coolz Boys & Girls Velcro S...,sandal,kid,299,498.33,199,40.0,4.3,61,8
CAMPUS, CAMPUS Boys Velcro Sports S...,sandal,kid,549,549.0,0,0.0,4.3,936,134
CAMPUS, CAMPUS Boys Velcro Sports S...,sandal,kid,569,569.0,0,0.0,4.0,236,23
NEOBABY, NEOBABY Boys & Girls Velcro...,sandal,kid,249,498.0,249,50.0,4.0,411,56
Elecant, Elecant Boys Velcro Sports ...,sandal,kid,239,497.92,258,52.0,4.7,3,1
CAMPUS, CAMPUS Boys Velcro Sports S...,sandal,kid,549,549.0,0,0.0,4.3,936,134
Lucy, Lucy & Luke By Liberty Boys...,sandal,kid,349,498.57,149,30.0,4.2,136,17
VKC, VKC pride Boys Velcro Sport...,sandal,kid,219,219.0,0,0.0,3.2,17,2
tattooz, tattooz Boys & Girls Velcro...,sandal,kid,299,786.84,487,62.0,3.8,344,44
SPARX, SPARX Boys Velcro Sports Sa...,sandal,kid,785,792.93,7,1.0,4.2,924,92
CAMPUS, CAMPUS Boys Velcro Sports S...,sandal,kid,549,549.0,0,0.0,4.3,936,134
ASIAN, ASIAN Boys Velcro Sports Sa...,sandal,kid,549,596.74,47,8.0,4.1,161,20
CAMPUS, CAMPUS Boys & Girls Velcro ...,sandal,kid,649,649.0,0,0.0,4.4,121,16
CAMPUS, CAMPUS Boys & Girls Velcro ...,sandal,kid,465,465.0,0,0.0,4.2,110,12
CAMPUS, CAMPUS Boys Velcro Sports S...,sandal,kid,549,549.0,0,0.0,4.3,936,134
CAMPUS, CAMPUS Boys & Girls Velcro ...,sandal,kid,442,460.42,18,4.0,4.3,53,8
LIBERTY, LIBERTY Boys & Girls Velcro...,sandal,kid,549,549.0,0,0.0,4.2,311,39
claptrap, claptrap Boys Velcro Sports...,sandal,kid,199,497.5,298,60.0,3.8,158,15
Frozen, Frozen Girls Velcro Sports ...,sandal,kid,285,791.67,506,64.0,3.7,132,10
CAMPUS, CAMPUS Boys Velcro Sports S...,sandal,kid,549,549.0,0,0.0,4.3,936,134
DISNEY, DISNEY Girls Velcro Sports ...,sandal,kid,599,1198.0,599,50.0,4.1,328,54
ASIAN, ASIAN Boys Velcro Sports Sa...,sandal,kid,549,596.74,47,8.0,3.9,107,10
FLYLO, FLYLO Boys & Girls Velcro S...,sandal,kid,199,497.5,298,60.0,4.0,362,48
CAMPUS, CAMPUS Boys Velcro Sports S...,sandal,kid,549,549.0,0,0.0,4.3,936,134
Dapper, Dapper Skull Boys & Girls V...,sandal,kid,309,594.23,285,48.0,4.0,63,11
Footfun, Footfun by Liberty Boys Vel...,sandal,kid,404,448.89,44,10.0,4.2,22,4
CAMPUS, CAMPUS Boys Velcro Sports S...,sandal,kid,569,569.0,0,0.0,4.0,236,23
ASIAN, ASIAN Boys Velcro Sports Sa...,sandal,kid,549,596.74,47,8.0,4.1,321,54
tattooz, tattooz Boys Velcro Sports ...,sandal,kid,349,793.18,444,56.0,4.1,184,25
CAMPUS, CAMPUS Boys Velcro Sports S...,sandal,kid,549,549.0,0,0.0,4.3,936,134
CAMPUS, CAMPUS Boys Velcro Sports S...,sandal,kid,439,439.0,0,0.0,3.7,77,9
TRYME, TRYME Boys & Girls Sling Ba...,sandal,kid,202,696.55,494,71.0,3.4,73,5
LIBERTY, LIBERTY Boys & Girls Velcro...,sandal,kid,299,398.67,99,25.0,3.9,37,3
CAMPUS, CAMPUS Boys Velcro Sports S...,sandal,kid,549,549.0,0,0.0,4.3,936,134
Tuskey, Tuskey Boys Velcro Sports S...,sandal,kid,799,897.75,98,11.0,3.9,22,2
CAMPUS, CAMPUS Boys Velcro Sports S...,sandal,kid,569,569.0,0,0.0,4.0,236,23
ASIAN, ASIAN Boys Velcro Sports Sa...,sandal,kid,549,596.74,47,8.0,3.9,107,10
CAMPUS, CAMPUS Boys & Girls Velcro ...,sandal,kid,429,429.0,0,0.0,4.1,109,17
Happy, Happy Feet Boys Velcro Spor...,sandal,kid,499,3838.46,3339,87.0,4.2,18,1
LEVOT, LEVOT Boys & Girls Velcro S...,sandal,kid,255,490.38,235,48.0,4.2,5,3
CROCS, CROCS Boys Sports Sandals,sandal,kid,1795,1795.0,0,0.0,4.0,22,2
CAMPUS, CAMPUS Boys & Girls Velcro ...,sandal,kid,399,399.0,0,0.0,3.5,26,4
tattooz, tattooz Boys Velcro Sports ...,sandal,kid,349,793.18,444,56.0,4.4,14,2
Happy, Happy Feet Boys Velcro Spor...,sandal,kid,499,3838.46,3339,87.0,4.2,18,1
CAMPUS, CAMPUS Boys & Girls Velcro ...,sandal,kid,399,399.0,0,0.0,3.5,26,4
CAMPUS, CAMPUS Boys Velcro Sports S...,sandal,kid,549,549.0,0,0.0,4.3,936,134
CAMPUS, CAMPUS Boys & Girls Velcro ...,sandal,kid,429,429.0,0,0.0,3.9,67,1
tattooz, tattooz Boys Velcro Sports ...,sandal,kid,349,698.0,349,50.0,4.1,184,25
LIBERTY, LIBERTY Boys & Girls Velcro...,sandal,kid,599,599.0,0,0.0,4.3,61,4
Lucy, Lucy & Luke By Liberty Boys...,sandal,kid,599,599.0,0,0.0,4.1,149,21
CAMPUS, CAMPUS Boys & Girls Velcro ...,sandal,kid,399,399.0,0,0.0,3.8,38,4
CAMPUS, CAMPUS Boys Velcro Sports S...,sandal,kid,569,569.0,0,0.0,4.0,236,23
Frozen, Frozen Girls Velcro Sports ...,sandal,kid,699,998.57,299,30.0,4.3,145,23
LNG, LNG Lifestyle Boys & Girls ...,sandal,kid,599,1576.32,977,62.0,4.2,45,9
CAMPUS, CAMPUS Boys Velcro Sports S...,sandal,kid,549,549.0,0,0.0,4.3,936,134
Bubblegummers, Bubblegummers Boys Velcro S...,sandal,kid,699,699.0,0,0.0,4.3,39,4
BARBIE, BARBIE Girls Velcro Sports ...,sandal,kid,479,798.33,319,40.0,3.8,235,38
CAMPUS, CAMPUS Boys & Girls Velcro ...,sandal,kid,375,375.0,0,0.0,4.5,11,1
BamBino, BamBino Boys & Girls Velcro...,sandal,kid,299,398.67,99,25.0,4.8,4,1
BARBIE, BARBIE Girls Velcro Sports ...,sandal,kid,399,498.75,99,20.0,4.6,19,1
CAMPUS, CAMPUS Boys Velcro Sports S...,sandal,kid,459,459.0,0,0.0,4.0,276,36
CAMPUS, CAMPUS Boys Sports Sandals,sandal,kid,664,698.95,34,5.0,4.0,26,4
CAMPUS, CAMPUS Boys Velcro Sports S...,sandal,kid,499,499.0,0,0.0,4.0,235,31
CROCS, CROCS Boys Slip-on Sports S...,sandal,kid,1596,1995.0,399,20.0,4.1,39,1
CAMPUS, CAMPUS Boys Velcro Sports S...,sandal,kid,549,549.0,0,0.0,4.3,936,134
DORA, DORA Girls Velcro Sports Sa...,sandal,kid,559,798.57,239,30.0,3.9,52,5
CAMPUS, CAMPUS Boys Velcro Sports S...,sandal,kid,569,569.0,0,0.0,4.0,236,23
CAMPUS, CAMPUS Boys Velcro Sports S...,sandal,kid,459,459.0,0,0.0,4.1,672,88
MARVEL, MARVEL Boys Velcro Sports S...,sandal,kid,719,998.61,279,28.0,4.1,254,44
CAMPUS, CAMPUS Boys Velcro Sports S...,sandal,kid,549,549.0,0,0.0,4.3,936,134
DORA, DORA Girls Velcro Sports Sa...,sandal,kid,559,798.57,239,30.0,3.9,52,5
CAMPUS, CAMPUS Boys Velcro Sports S...,sandal,kid,569,569.0,0,0.0,4.0,236,23
CAMPUS, CAMPUS Boys Velcro Sports S...,sandal,kid,459,459.0,0,0.0,4.1,672,88
CAMPUS, CAMPUS Boys Velcro Sports S...,sandal,kid,549,549.0,0,0.0,4.3,936,134
CAMPUS, CAMPUS Boys Velcro Sports S...,sandal,kid,569,569.0,0,0.0,4.0,236,23
claptrap, claptrap Boys Velcro Sports...,sandal,kid,399,798.0,399,50.0,4.0,62,11
CAMPUS, CAMPUS Boys Velcro Sports S...,sandal,kid,459,459.0,0,0.0,4.1,672,88
CAMPUS, CAMPUS Boys Velcro Sports S...,sandal,kid,499,499.0,0,0.0,4.0,235,31
MARVEL, MARVEL Boys Velcro Sports S...,sandal,kid,719,998.61,279,28.0,4.1,254,44
CAMPUS, CAMPUS Boys Velcro Sports S...,sandal,kid,549,549.0,0,0.0,4.3,936,134
CAMPUS, CAMPUS Boys Velcro Sports S...,sandal,kid,569,569.0,0,0.0,4.0,236,23
CAMPUS, CAMPUS Boys Velcro Sports S...,sandal,kid,459,459.0,0,0.0,4.1,672,88
CAMPUS, CAMPUS Boys Velcro Sports S...,sandal,kid,439,439.0,0,0.0,3.7,77,9
